MARKET,year_month,est_energy_kwh,est_water_liters,est_kg_co2e,total_visits
Atlanta,2020-01,1505917451.9999998,3860919187.0,731379270.9,139529694.0
Atlanta,2020-02,1471242195.3999999,3811086649.5,717129214.0,137817587.0
Atlanta,2020-03,1261439475.1999998,2824105871.5,573478733.5,104834896.0
Atlanta,2020-04,775473636.1999999,803864218.0,313750138.20000005,46508311.0
Atlanta,2020-05,1455811998.6,2791710152.5,631742468.7,110389330.0
Atlanta,2020-06,1779749032.1999998,3558619999.5,768320395.5,135263081.0
Atlanta,2020-07,1765151859.8,3703566659.0,769386299.9,136794704.0
Atlanta,2020-08,1586062354.6,3550106436.0,705889645.3,128052370.0
Atlanta,2020-09,1598361320.0000002,3559207327.5,718646916.6999999,131142033.0
Atlanta,2020-10,1623772177.2,3728245906.0,738722538.7,135850683.0
Atlanta,2020-11,1435098372.8,3498272158.0,670505818.4,125221629.0
Atlanta,2020-12,1439326180.6000001,3751030369.0,688191612.1,130822621.0
Atlanta,2021-01,1258119964.9999998,3220575556.5,615317902.4000001,117882725.0
Atlanta,2021-02,1197984091.6,2915066523.5,565875555.4,106120029.0
Atlanta,2021-03,1674167533.6000001,4003022812.5,775651523.4,144837042.0
Atlanta,2021-04,1753966728.2,4114748960.0,812618008.5,151417867.0
Atlanta,2021-05,1928139463.8,4129365682.0,854646993.4,154225819.0
Atlanta,2021-06,1843812981.1999998,3981460201.5,809788628.0000001,145683591.0
Atlanta,2021-07,1900952699.0000005,4341129674.5,843263372.5,153666952.0
Atlanta,2021-08,1637157544.2,3834824671.5,734263208.1,134605241.0
Atlanta,2021-09,1617133954.0000002,3647705207.0,732239109.6,133753512.0
Atlanta,2021-10,1640584028.3999999,3825383933.5,752917476.5,138847610.0
Atlanta,2021-11,1542482830.8,3781971427.5,722306996.1,134919419.0
Atlanta,2021-12,1502894426.2,4021285773.5,732233151.5,140071679.0
Atlanta,2022-01,1233515700.8000002,3367581046.0,617366093.0999999,120313191.0
Atlanta,2022-02,1314340810.8,3397113663.5,636777799.1000001,122292675.0
Atlanta,2022-03,1626349017.3999999,3840993370.5,746195191.8000001,138601803.0
Atlanta,2022-04,1662684168.4000003,3839233647.5,766665617.7,142218056.0
Atlanta,2022-05,1838249595.0,3988937901.0,822057899.6999999,148896946.0
Atlanta,2022-06,1842372226.2000003,3846852646.0,812451955.2,145115678.0
Atlanta,2022-07,1859465634.6,4139205989.5,831106042.2,150755270.0
Atlanta,2022-08,1610383917.0000002,3710452917.0,727442905.9000001,132858582.0
Atlanta,2022-09,1634557261.3999999,3650203456.0,741371697.1,135029952.0
Atlanta,2022-10,1623642817.6000001,3744880866.5,747823707.3,137612905.0
Atlanta,2022-11,1481477347.0000002,3585816693.5,693152510.3,128769255.0
Atlanta,2022-12,1450628023.8000002,3848246367.0,705233170.5,134498991.0
Atlanta,2023-01,1339478684.1999998,3447820270.0,654042467.8000001,125232801.0
Atlanta,2023-02,1324208839.0,3387688587.0,641220123.6,122858788.0
Atlanta,2023-03,1563416452.6,3732241551.0,723520322.1,134952141.0
Atlanta,2023-04,1626298959.8000002,3720797687.5,748961492.8,138353176.0
Atlanta,2023-05,1798043879.6000001,3826264391.5,800464799.4999999,144028079.0
Atlanta,2023-06,1799054700.0,3791425603.5,794875079.0,141920885.0
Atlanta,2023-07,1837934750.8,4104274705.0,824012323.3000001,149434401.0
Atlanta,2023-08,1567998674.8000002,3600630475.0,707796963.5999999,129003694.0
Atlanta,2023-09,1581734153.8,3590752052.5,720251864.7,131799684.0
Atlanta,2023-10,1586575926.1999998,3662156361.5,728500290.9,133950846.0
Atlanta,2023-11,1486732191.8,3583561698.5,694433655.3,128885670.0
Atlanta,2023-12,1453292993.2,3867847766.5,710603441.6,135559269.0
Atlanta,2024-01,1318535533.2,3294315506.0,636356727.1,120676219.0
Atlanta,2024-02,1358692297.2,3400144562.0,653323497.1999999,124312249.0
Atlanta,2024-03,1566838719.6000001,3787580075.5,733296121.5999999,137541690.0
Atlanta,2024-04,1628436460.0,3658868397.5,741554714.6,135938583.0
Atlanta,2024-05,1870748742.2000003,3969679762.0,831437783.8,149368284.0
Atlanta,2024-06,1821561102.6000001,3855993906.5,807167945.8000001,144376619.0
Atlanta,2024-07,1850292352.0,4019636688.5,818357270.2,146686421.0
Atlanta,2024-08,1625207954.0,3712536618.0,732083082.3000001,132955429.0
Atlanta,2024-09,1511263829.4,3385047768.5,684838424.9,124468272.0
Atlanta,2024-10,1622293275.6000001,3687120823.5,738123464.2,134876090.0
Atlanta,2024-11,1504316278.8,3674490783.0,702396120.6,130967449.0
Atlanta,2024-12,1485159222.2,3980297005.5,720605968.4,137707319.0
Boston,2020-01,469009316.0,1522825353.0,289132701.9,57877217.0
Boston,2020-02,463232018.79999995,1501878555.0,284253645.4,57011579.0
Boston,2020-03,341157675.6,976696359.0,195098690.89999998,37573245.0
Boston,2020-04,160179512.0,270177367.0,78201848.5,11889734.0
Boston,2020-05,270204745.00000006,409125820.5,115599770.0,16919721.0
Boston,2020-06,409911357.8,899922377.5,205427544.1,35959531.0
Boston,2020-07,468609170.6,1203687519.0,246611493.89999998,46074468.0
Boston,2020-08,438681346.40000004,1233192526.0,238668151.0,45968326.0
Boston,2020-09,450071464.59999996,1257652592.0,246777545.6,47795698.0
Boston,2020-10,440455156.4,1278853435.5,246996058.6,48146117.0
Boston,2020-11,392757803.4,1198145083.0,229549469.2,45090202.0
Boston,2020-12,382379118.0,1185615386.0,227735781.70000002,44255387.0
Boston,2021-01,291046232.8,766395089.0,167516773.09999996,30613283.0
Boston,2021-02,270069203.59999996,727858334.0,158744263.2,29926394.0
Boston,2021-03,416737214.4,1102333121.5,234903089.8,44339608.0
Boston,2021-04,440392949.4,1154369308.5,247292086.70000002,46746919.0
Boston,2021-05,506800575.0,1252461935.0,270752337.79999995,50258196.0
Boston,2021-06,529374481.79999995,1445096431.0,283784462.29999995,54290433.0
Boston,2021-07,540355591.2,1548288693.0,293045424.4,56637020.0
Boston,2021-08,505049098.6,1557062060.0,274977843.4,54010564.0
Boston,2021-09,487019154.00000006,1436585505.0,271590885.3,53095054.0
Boston,2021-10,487479113.0,1484831011.0,279543836.59999996,54960963.0
Boston,2021-11,457832124.1999999,1442110857.0,268378369.4,52931106.0
Boston,2021-12,456460250.40000004,1495876861.5,273706084.2,54319972.0
Boston,2022-01,327742031.59999996,1123100825.5,208009503.9,42176572.0
Boston,2022-02,345839098.0,1149683188.0,212153785.6,42815866.0
Boston,2022-03,448649475.0,1388544993.5,259123743.4,51098026.0
Boston,2022-04,493018219.79999995,1483296988.0,281950791.5,55539873.0
Boston,2022-05,541993030.4000001,1535241250.5,295301214.09999996,57196607.0
Boston,2022-06,555019588.8000001,1555955640.5,298814343.4,57535911.0
Boston,2022-07,547632747.6,1612961470.5,300379192.90000004,58404166.0
Boston,2022-08,528513680.0,1664502557.0,293817973.8,57971962.0
Boston,2022-09,496131074.2,1496666615.5,278079459.5,54428413.0
Boston,2022-10,490474964.6,1511244388.0,280881989.20000005,55245716.0
Boston,2022-11,453099069.2,1441920422.0,262910443.1,51858040.0
Boston,2022-12,456882110.79999995,1527180861.0,274769453.40000004,54857322.0
Boston,2023-01,394485660.4,1312508426.5,244500662.8,49297324.0
Boston,2023-02,381723974.4,1249871057.5,230237374.79999998,46322005.0
Boston,2023-03,458478259.40000004,1399475392.5,261144498.2,51381834.0
Boston,2023-04,495328291.2,1490828494.0,282869566.1,55740832.0
Boston,2023-05,548299236.8000001,1544302796.0,298283353.8,57573513.0
Boston,2023-06,558267038.2,1586623655.0,306034719.20000005,59040085.0
Boston,2023-07,560602843.6,1644278734.5,309522954.3,59957999.0
Boston,2023-08,537749625.8,1676337324.0,300156412.59999996,59151554.0
Boston,2023-09,481329795.1999999,1455353216.0,269442189.9,52883921.0
Boston,2023-10,487113378.00000006,1480014227.0,275870781.1,54196059.0
Boston,2023-11,462091097.4,1449780326.5,268335744.8,52888566.0
Boston,2023-12,457697745.0,1542605471.0,278751130.40000004,55742296.0
Boston,2024-01,391143733.79999995,1239302724.5,233147331.20000002,46614436.0
Boston,2024-02,404082765.8,1300615250.0,239977743.3,48299922.0
Boston,2024-03,470331121.99999994,1432864666.0,267096202.0,52859511.0
Boston,2024-04,483621542.4,1411861519.0,268358146.3,52513480.0
Boston,2024-05,559175800.8,1564604374.0,303461202.0,58618471.0
Boston,2024-06,559746352.0,1587785775.0,306034827.1,59052191.0
Boston,2024-07,555379849.5999999,1604664333.0,303969379.3,58610717.0
Boston,2024-08,542102081.1999999,1667499277.5,302293906.7,59361095.0
Boston,2024-09,471882084.6,1417389556.0,263782305.7,51706600.0
Boston,2024-10,482040702.0,1482895225.0,273618208.90000004,54060273.0
Boston,2024-11,451609424.8,1451206262.5,264178725.10000002,52527699.0
Boston,2024-12,459222762.79999995,1583130020.5,283353646.79999995,57032612.0
Dallas / Houston,2020-01,3794106944.2000003,10350349784.5,1861593846.0,362964108.0
Dallas / Houston,2020-02,3735640973.8000007,10234128244.5,1841662322.8,360841032.0
Dallas / Houston,2020-03,3069254019.6,6452752237.5,1386131252.5,248876544.0
Dallas / Houston,2020-04,1697585933.2000003,1133378246.0,674233857.5,92653008.0
Dallas / Houston,2020-05,3138594617.8,3985804140.0,1294093002.2,204293793.0
Dallas / Houston,2020-06,4024589604.4,7808539368.0,1667738898.3,285134497.0
Dallas / Houston,2020-07,3617239995.5999994,7417692992.0,1520005485.1000001,262998837.0
Dallas / Houston,2020-08,3579834943.9999995,7919707937.5,1538175725.7,272909967.0
Dallas / Houston,2020-09,3684732875.5999994,8273413471.0,1625817626.4999998,294135767.0
Dallas / Houston,2020-10,3822619283.8,9122826995.0,1736761407.0,322076684.0
Dallas / Houston,2020-11,3412812164.0,8713882259.5,1594042405.3,300835593.0
Dallas / Houston,2020-12,3311601522.2000003,8885198790.5,1555665388.8,294645447.0
Dallas / Houston,2021-01,2919655320.0,7484703705.0,1377155810.5,260041557.0
Dallas / Houston,2021-02,2424881161.2,5989084562.0,1116245160.3,206583136.0
Dallas / Houston,2021-03,4097597053.0,9794263053.0,1836422154.5,337922980.0
Dallas / Houston,2021-04,4213288796.3999996,10433531343.5,1965651982.1000001,372898451.0
Dallas / Houston,2021-05,4670898518.0,10678933788.5,2090317881.1999998,385176982.0
Dallas / Houston,2021-06,4531038772.8,10545602588.0,2019150135.3999999,372418218.0
Dallas / Houston,2021-07,4565285958.799999,11271340482.5,2061617753.2,386045553.0
Dallas / Houston,2021-08,4124907886.5999994,10680640096.5,1884845121.7,356999692.0
Dallas / Houston,2021-09,3959814843.9999995,9694141691.0,1819053305.3,341273086.0
Dallas / Houston,2021-10,4041436665.2000003,10265842361.0,1887309204.7,358227925.0
Dallas / Houston,2021-11,3843088536.6,10164389051.5,1823090053.5,349571406.0
Dallas / Houston,2021-12,3848730968.6000004,11096274643.0,1899373373.0,373650246.0
Dallas / Houston,2022-01,3159622265.6000004,9188232068.5,1589481360.5,316614761.0
Dallas / Houston,2022-02,3096024363.4000006,8579705237.5,1515870736.2,298072673.0
Dallas / Houston,2022-03,4097199994.3999996,10412656687.0,1902949068.3,362614913.0
Dallas / Houston,2022-04,4222256798.7999997,10534208372.0,1976423311.5,376342428.0
Dallas / Houston,2022-05,4607164776.400001,10794388004.5,2089526463.0,388809410.0
Dallas / Houston,2022-06,4649788832.599999,10596245687.5,2073686540.8,380976744.0
Dallas / Houston,2022-07,4612028459.4,11117428757.0,2089579095.6999998,389525405.0
Dallas / Houston,2022-08,4236599903.2000003,10634039341.5,1930606693.8000002,362888681.0
Dallas / Houston,2022-09,4066552036.9999995,9906150930.0,1863406223.3999999,349036796.0
Dallas / Houston,2022-10,4032587221.0000005,10142323584.0,1879638952.4,355829827.0
Dallas / Houston,2022-11,3770807311.6000004,9899318287.5,1779417990.1000001,339877079.0
Dallas / Houston,2022-12,3794177015.2,10824295739.5,1860398995.3000002,364639740.0
Dallas / Houston,2023-01,3212969827.8,9381968527.5,1624434358.9999998,324657117.0
Dallas / Houston,2023-02,3130983463.2,9029827724.0,1570831878.3,313666560.0
Dallas / Houston,2023-03,3810734398.2000003,10348941533.5,1830189455.8,357355963.0
Dallas / Houston,2023-04,3910529421.000001,10236524907.0,1872665640.7,362394627.0
Dallas / Houston,2023-05,4287438860.7999997,10430536385.0,1975055258.6000001,372030096.0
Dallas / Houston,2023-06,4313393037.200001,10420508861.5,1980350665.8999999,371015484.0
Dallas / Houston,2023-07,4357473301.400001,10962458636.0,2020035801.2,382098173.0
Dallas / Houston,2023-08,3965213516.2,10319444732.0,1849235022.3999999,352553675.0
Dallas / Houston,2023-09,3732719971.0,9600418698.5,1760544680.7,336738450.0
Dallas / Houston,2023-10,3790906156.5999994,9816651067.5,1794117470.3000002,343800475.0
Dallas / Houston,2023-11,3621668979.0,9795661516.5,1743722616.0,337145778.0
Dallas / Houston,2023-12,3607424855.7999997,10637752434.5,1813044325.6000001,359470386.0
Dallas / Houston,2024-01,3160844992.0,8852402189.5,1572176509.8,310671557.0
Dallas / Houston,2024-02,3301240064.7999997,9245867959.0,1641682926.1000001,325146360.0
Dallas / Houston,2024-03,3867498498.4000006,10527106462.5,1872048218.6999998,366585652.0
Dallas / Houston,2024-04,3840873626.4,9837842978.0,1816654055.8999999,348555223.0
Dallas / Houston,2024-05,4379366358.4,10567789735.5,2018349927.1999998,379692577.0
Dallas / Houston,2024-06,4347032727.4,10426686791.5,1992411088.6999998,372838376.0
Dallas / Houston,2024-07,4362315887.199999,10690474087.0,1999259707.8000002,374667457.0
Dallas / Houston,2024-08,4032160978.0,10515312542.5,1887740412.5,360368575.0
Dallas / Houston,2024-09,3643091453.8,9307660495.5,1713025550.9,326298752.0
Dallas / Houston,2024-10,3742337927.2000003,9823244043.5,1779743752.1,341917525.0
Dallas / Houston,2024-11,3635476694.4000006,10049523622.5,1761563738.1000001,343235880.0
Dallas / Houston,2024-12,3662642582.6,11052389064.5,1842594172.0,367997636.0
Kansas City,2020-01,671893129.2,2365367551.0,400609987.40000004,85029446.0
Kansas City,2020-02,682216215.8,2430545181.5,408326499.7,87378282.0
Kansas City,2020-03,555028248.0,1667874613.0,299513582.4,60732290.0
Kansas City,2020-04,274756831.1999999,282545096.0,123623402.49999999,19069509.0
Kansas City,2020-05,564133071.4000001,1127752860.5,272307339.1,48938780.0
Kansas City,2020-06,744687895.2000002,1981655050.5,376881404.79999995,72888304.0
Kansas City,2020-07,724312811.6000001,2079541965.5,371819326.3,73205203.0
Kansas City,2020-08,689430602.1999999,2146720496.5,368013755.3,74763637.0
Kansas City,2020-09,683299519.2,2103351515.0,368949429.1999999,75060763.0
Kansas City,2020-10,703744942.8,2205250765.0,382848452.8,78129315.0
Kansas City,2020-11,612281743.8,2047336713.5,344252136.8,71280342.0
Kansas City,2020-12,605446786.2,2136482608.0,349315415.29999995,73029797.0
Kansas City,2021-01,540680222.5999999,1871100460.0,318505550.3000001,67050424.0
Kansas City,2021-02,468560217.6000001,1562017384.0,268144129.4,55622940.0
Kansas City,2021-03,734777136.3999999,2404867462.0,410811038.4,85031073.0
Kansas City,2021-04,737109209.8,2361427859.0,411889391.2,84960472.0
Kansas City,2021-05,809135431.4,2429049874.0,433544216.8999999,87585698.0
Kansas City,2021-06,809637878.5999999,2433490163.5,429458688.6000001,86545628.0
Kansas City,2021-07,819242902.2,2589196555.0,439219235.09999996,89504066.0
Kansas City,2021-08,743079548.1999998,2451551248.5,402370105.90000004,82862814.0
Kansas City,2021-09,721506283.1999999,2322546765.0,401104858.9,82807916.0
Kansas City,2021-10,736755449.0000001,2477171181.5,418728823.7,87491143.0
Kansas City,2021-11,696948315.4,2407181507.5,402692750.3,84485403.0
Kansas City,2021-12,696391987.1999999,2569600519.0,416255152.90000004,88691963.0
Kansas City,2022-01,554906921.8,2071059609.5,341671668.3000001,73539247.0
Kansas City,2022-02,542033226.2,1963627012.5,325551565.8,69738177.0
Kansas City,2022-03,716774197.8,2423725306.5,407008723.5,85402602.0
Kansas City,2022-04,736948705.6000001,2443892267.0,419948055.6,87964756.0
Kansas City,2022-05,812681603.4000001,2534698953.0,445768336.8,91647547.0
Kansas City,2022-06,821739556.8000001,2511697887.5,447912260.29999995,91451111.0
Kansas City,2022-07,818122207.8,2608649974.0,450837998.40000004,92777390.0
Kansas City,2022-08,762102813.0,2538910440.0,423668612.6,88014260.0
Kansas City,2022-09,728194972.3999999,2361700102.5,405899064.1,83946992.0
Kansas City,2022-10,708588303.4000001,2373903296.0,403223622.29999995,84130568.0
Kansas City,2022-11,661416599.4,2279105079.0,381355896.90000004,79774429.0
Kansas City,2022-12,647497268.2,2389686804.5,385880246.4,82059800.0
Kansas City,2023-01,591275749.2,2142595736.5,358458816.7,76441527.0
Kansas City,2023-02,590090247.8,2124369613.0,355225636.59999996,75920767.0
Kansas City,2023-03,693711721.6,2369381598.5,397024494.00000006,83552156.0
Kansas City,2023-04,715024901.1999999,2375207507.0,408431127.99999994,85539526.0
Kansas City,2023-05,788821845.8,2451128754.0,432242610.90000004,88583173.0
Kansas City,2023-06,799054232.8000002,2466581252.0,434696508.9,88674541.0
Kansas City,2023-07,800989156.6,2558482221.5,440538671.9,90506064.0
Kansas City,2023-08,734844705.6,2436217549.0,407766626.40000004,84462849.0
Kansas City,2023-09,701196023.8,2280493350.0,392052426.5,81146165.0
Kansas City,2023-10,692549656.4,2292926864.0,391816655.6,81440077.0
Kansas City,2023-11,659239736.6,2240284460.5,378154709.8,78718476.0
Kansas City,2023-12,652870493.0000001,2409186748.0,392132946.8000001,83217485.0
Kansas City,2024-01,539468326.2,1872630144.0,322876653.1,68063453.0
Kansas City,2024-02,605005346.5999999,2101703183.0,360023196.1,76172171.0
Kansas City,2024-03,702004759.0,2389021174.5,404247074.4,85086828.0
Kansas City,2024-04,694604007.4,2250220593.0,392331095.50000006,81408186.0
Kansas City,2024-05,810741674.8000001,2488100870.5,444373130.70000005,90742636.0
Kansas City,2024-06,802825987.6,2470985371.5,438050275.8999999,89296043.0
Kansas City,2024-07,800627928.6,2504494319.5,437208270.5,89182694.0
Kansas City,2024-08,752525856.8,2479983487.0,420577687.90000004,87112649.0
Kansas City,2024-09,680487238.4,2194067542.5,382633299.90000004,79025510.0
Kansas City,2024-10,697742325.1999999,2295848917.0,396665102.1,82359664.0
Kansas City,2024-11,670194026.6,2314397378.0,392606076.09999996,82342386.0
Kansas City,2024-12,676633551.1999999,2509267973.5,416451196.1,88375876.0
Los Angeles / SF Bay Area,2020-01,3852522269.0000005,11812137750.5,2264326004.3,456171502.0
Los Angeles / SF Bay Area,2020-02,3755991878.2,11536896945.5,2209735252.1,446907520.0
Los Angeles / SF Bay Area,2020-03,2786327857.9999995,6020279506.0,1476191410.4,268326017.0
Los Angeles / SF Bay Area,2020-04,1658227445.0000002,1351265969.5,771666928.0,111777413.0
Los Angeles / SF Bay Area,2020-05,2771836478.5999994,3357157140.5,1357647900.8,220715907.0
Los Angeles / SF Bay Area,2020-06,3796010297.0,7846158252.0,1939066336.2000003,353985717.0
Los Angeles / SF Bay Area,2020-07,3375845599.2,6668518348.5,1567054934.4,265892862.0
Los Angeles / SF Bay Area,2020-08,3041120712.4,5312379213.5,1318399959.3,205436148.0
Los Angeles / SF Bay Area,2020-09,3163737777.8,5584414163.0,1390986768.2,219477285.0
Los Angeles / SF Bay Area,2020-10,3284998410.0,6019637328.0,1467442470.1999998,233612480.0
Los Angeles / SF Bay Area,2020-11,2926398423.9999995,5830762754.0,1358483163.7,220755472.0
Los Angeles / SF Bay Area,2020-12,2565629093.7999997,5532651572.0,1237781066.8,204219745.0
Los Angeles / SF Bay Area,2021-01,2270467381.0000005,4686510567.0,1113259856.3000002,186213679.0
Los Angeles / SF Bay Area,2021-02,2371230572.4,4541625418.0,1097378735.7,177752817.0
Los Angeles / SF Bay Area,2021-03,3288553632.8,6083904631.0,1469131564.3999999,235354500.0
Los Angeles / SF Bay Area,2021-04,3469040622.9999995,6242264956.5,1542342003.9999998,245872879.0
Los Angeles / SF Bay Area,2021-05,3890912992.3999996,6501718839.0,1648083954.2,255829436.0
Los Angeles / SF Bay Area,2021-06,4291518632.0,10654638399.0,2178511257.3,413218305.0
Los Angeles / SF Bay Area,2021-07,4341334681.4,11398401156.0,2244887842.8000007,431735518.0
Los Angeles / SF Bay Area,2021-08,3909810506.9999995,10717281665.0,2056281369.1999998,399574116.0
Los Angeles / SF Bay Area,2021-09,3895401331.0,10171749896.5,2048137976.2,394541308.0
Los Angeles / SF Bay Area,2021-10,3912116016.7999997,10586995578.5,2104648066.7,409464154.0
Los Angeles / SF Bay Area,2021-11,3696828353.6000004,10412478541.5,2026158001.2,397172304.0
Los Angeles / SF Bay Area,2021-12,3573282694.200001,10976847352.0,2067265998.7,413543208.0
Los Angeles / SF Bay Area,2022-01,3006392991.2000003,9481385790.0,1776846131.7,362574600.0
Los Angeles / SF Bay Area,2022-02,3098792289.9999995,9205426078.5,1763621235.3,354872634.0
Los Angeles / SF Bay Area,2022-03,3914227121.6000004,10549210458.5,2094019565.3,408386754.0
Los Angeles / SF Bay Area,2022-04,4036601851.4,10775069380.0,2169060366.4,423602106.0
Los Angeles / SF Bay Area,2022-05,4377766260.999999,11029255836.5,2273461174.3,436148157.0
Los Angeles / SF Bay Area,2022-06,4503111487.0,11041250090.5,2294114442.3999996,435463224.0
Los Angeles / SF Bay Area,2022-07,4455744551.8,11464448489.0,2306187327.9,441862670.0
Los Angeles / SF Bay Area,2022-08,4086815405.2,10917219718.5,2137464934.7,412307775.0
Los Angeles / SF Bay Area,2022-09,4014434748.8,10413007845.5,2109993839.2,406004303.0
Los Angeles / SF Bay Area,2022-10,3993040355.0,10646781421.5,2144972621.8,416385030.0
Los Angeles / SF Bay Area,2022-11,3699303345.0,10300670311.5,2025106500.6000001,395742959.0
Los Angeles / SF Bay Area,2022-12,3619369104.4,11006799658.0,2082706738.0,416214617.0
Los Angeles / SF Bay Area,2023-01,3386459026.8,9988920799.5,1940604969.8000002,388966221.0
Los Angeles / SF Bay Area,2023-02,3251444028.1999993,9493187539.0,1844084790.3000002,369557075.0
Los Angeles / SF Bay Area,2023-03,3830095601.2000003,10473580720.5,2065509599.3,404982714.0
Los Angeles / SF Bay Area,2023-04,4108266086.4000006,10875862527.0,2196575246.0,428203121.0
Los Angeles / SF Bay Area,2023-05,4476707983.4,11020794989.0,2293865831.2000003,436788455.0
Los Angeles / SF Bay Area,2023-06,4539711442.599999,11140623485.0,2315780311.2,438714492.0
Los Angeles / SF Bay Area,2023-07,4561006440.599999,11608517827.0,2357105141.6,449125733.0
Los Angeles / SF Bay Area,2023-08,4112438232.2,10802874149.0,2146358200.8999999,411564625.0
Los Angeles / SF Bay Area,2023-09,3973222673.7999997,10283896586.5,2089105466.2,401961827.0
Los Angeles / SF Bay Area,2023-10,3959182274.6000004,10490110080.5,2114272903.6,409786617.0
Los Angeles / SF Bay Area,2023-11,3784747280.4,10391336306.0,2058794921.1,400651767.0
Los Angeles / SF Bay Area,2023-12,3682124687.8,11098551552.0,2113809176.5,420635231.0
Los Angeles / SF Bay Area,2024-01,3474202256.2,9925433342.5,1956543341.1000001,389114408.0
Los Angeles / SF Bay Area,2024-02,3351412683.4,9576932256.5,1879129881.4,374420790.0
Los Angeles / SF Bay Area,2024-03,3917107061.1999993,10797610022.5,2126625029.6,418330983.0
Los Angeles / SF Bay Area,2024-04,4006690512.4,10401063739.0,2117597258.5,409491317.0
Los Angeles / SF Bay Area,2024-05,4530652915.0,11042134879.0,2320608733.5,440154663.0
Los Angeles / SF Bay Area,2024-06,4574450840.4,11119998679.0,2336941613.4,441441675.0
Los Angeles / SF Bay Area,2024-07,4588860149.8,11353052171.5,2346104765.1,443391736.0
Los Angeles / SF Bay Area,2024-08,4215112295.8,10918613507.5,2193729346.1,419382735.0
Los Angeles / SF Bay Area,2024-09,3886359171.6,9901225106.5,2029904244.4999998,388196718.0
Los Angeles / SF Bay Area,2024-10,3897338603.3999996,10187722707.0,2068233686.7,398621088.0
Los Angeles / SF Bay Area,2024-11,3788125093.6000004,10295848250.5,2051657491.3,398666591.0
Los Angeles / SF Bay Area,2024-12,3667178224.9999995,11157948366.5,2093910171.8000002,417961292.0
Miami,2020-01,2974036031.1999993,8880713943.5,1556116003.1999998,310527604.0
Miami,2020-02,2917873367.6,8742539631.0,1528546733.1999998,306272388.0
Miami,2020-03,2214351134.6,5149036150.5,1044077802.6999999,190850363.0
Miami,2020-04,1169998251.2,940640768.0,473776381.0,66341502.0
Miami,2020-05,2023422419.0,2258458312.5,881893560.8000001,137392490.0
Miami,2020-06,2702153634.7999997,5385540582.5,1187534545.4999998,204162219.0
Miami,2020-07,2370411409.6,4787617115.0,1060656129.9,183396477.0
Miami,2020-08,2293282146.7999997,4810850240.5,1043011458.1,182913804.0
Miami,2020-09,2430831469.8,5761244164.5,1138202701.4,208727524.0
Miami,2020-10,2632138719.6000004,6892657234.5,1293026147.1,247211295.0
Miami,2020-11,2411908433.2,6719518851.5,1221654936.1000001,237215104.0
Miami,2020-12,2507861047.6,7554600186.5,1299722463.7,257208800.0
Miami,2021-01,2275184393.0,6628893507.5,1194309106.8000002,237702268.0
Miami,2021-02,2126214681.0,5966056126.5,1081140188.7,211760153.0
Miami,2021-03,2898190398.7999997,7952225887.0,1443543143.1999998,281174120.0
Miami,2021-04,2968568930.4000006,8003532676.5,1478385603.7,286936688.0
Miami,2021-05,3281763204.0,8184025651.0,1567423061.0,295703374.0
Miami,2021-06,3200675961.7999997,8053905292.5,1512559683.8,284627895.0
Miami,2021-07,3203788808.4,8530324531.0,1554230722.6000001,295563426.0
Miami,2021-08,2807429687.2,7773644319.0,1383483225.0,265610611.0
Miami,2021-09,2695772050.6,7187032324.5,1344746495.3,257256706.0
Miami,2021-10,2847627575.4,7872061850.0,1443110465.0,279110621.0
Miami,2021-11,2780128290.2000003,8028140245.5,1432003879.8999999,279319137.0
Miami,2021-12,2783917090.6,8780318984.0,1495070007.1000001,298432113.0
Miami,2022-01,2438777683.2000003,7682911610.5,1325798970.4,268053749.0
Miami,2022-02,2450548696.8,7357992538.5,1300264605.8,259630324.0
Miami,2022-03,3029037113.7999997,8468838451.5,1526164041.6000001,296986235.0
Miami,2022-04,3019201246.0000005,8317796481.5,1531533847.5,297674529.0
Miami,2022-05,3175175107.3999996,8194757995.0,1560824647.7,297036363.0
Miami,2022-06,3161250256.0,7960725974.0,1528073731.1,287587340.0
Miami,2022-07,3238533335.8,8715762145.5,1590954728.1,304249961.0
Miami,2022-08,2919407827.0,8134716742.5,1447465254.2,278441958.0
Miami,2022-09,2706645904.0,7259136270.0,1351346333.3999999,258460383.0
Miami,2022-10,2926008959.8,8065223158.0,1486640322.8000002,286880072.0
Miami,2022-11,2715368549.2000003,7831250753.5,1400978722.6,272709366.0
Miami,2022-12,2755175623.8,8720567611.5,1486506138.6000001,296806147.0
Miami,2023-01,2596315193.4,8050384689.0,1415831795.8000002,284911451.0
Miami,2023-02,2461973295.4,7549893682.0,1333590195.0,268428222.0
Miami,2023-03,2896573296.4,8374762754.0,1499537926.6000001,295555274.0
Miami,2023-04,2934843130.0,8176348371.5,1506977355.6000001,294158678.0
Miami,2023-05,3111583025.7999997,8061285359.0,1536163601.3,292319882.0
Miami,2023-06,3093428076.0,8019754200.5,1523768514.6000001,288731118.0
Miami,2023-07,3176044218.3999996,8610106931.5,1576390437.3000002,301551999.0
Miami,2023-08,2787314768.0,7844534902.5,1401386809.8,270016012.0
Miami,2023-09,2669439679.399999,7374858324.0,1357970955.8000002,262238623.0
Miami,2023-10,2769618580.6000004,7721876434.0,1415919463.6999998,274332424.0
Miami,2023-11,2663177356.0,7772388222.0,1387368588.5000002,271071092.0
Miami,2023-12,2677825650.0,8638812327.5,1461113487.3000002,292921623.0
Miami,2024-01,2603081920.3999996,7879576908.0,1401385662.6,279570054.0
Miami,2024-02,2518670921.8,7561848840.0,1348370388.0999997,269150206.0
Miami,2024-03,2864813480.8,8380396779.5,1486040551.6999998,293680945.0
Miami,2024-04,2860027257.4,7867726039.0,1449685509.7,280987840.0
Miami,2024-05,3123018842.5999994,8133517358.5,1541714877.1999998,293556447.0
Miami,2024-06,3024452234.4,7840331547.5,1489103978.9,281864557.0
Miami,2024-07,3109023268.3999996,8263260007.5,1528747182.6000001,289773325.0
Miami,2024-08,2821563444.2000003,7892579630.0,1419666214.0,272723049.0
Miami,2024-09,2533191131.4,6963603952.5,1290937704.3000002,248317524.0
Miami,2024-10,2611122222.7999997,7283601592.5,1338059812.2,258840046.0
Miami,2024-11,2671244581.6,7836998384.5,1395842001.8,273304922.0
Miami,2024-12,2713940206.2000003,8755614770.5,1471743305.3999999,295488668.0
New York/New Jersey,2020-01,1961956655.4,6173083464.0,1193824775.1,237872457.0
New York/New Jersey,2020-02,1930616270.4,6118079896.0,1173014597.8999999,234811721.0
New York/New Jersey,2020-03,1412324929.6,3893298080.0,795327983.5999999,152129932.0
New York/New Jersey,2020-04,660323206.4000001,907875503.0,311022323.5,46204677.0
New York/New Jersey,2020-05,1173420894.4000003,1476289634.0,516339532.09999996,74579701.0
New York/New Jersey,2020-06,1684008524.3999999,2339123191.5,776927763.8000001,118193905.0
New York/New Jersey,2020-07,1961764458.2,4071335093.5,1027188612.1,181330838.0
New York/New Jersey,2020-08,1796491198.6000001,4092199205.0,968208680.1,176210060.0
New York/New Jersey,2020-09,1907341608.2000003,4793036591.0,1017925316.4,189240706.0
New York/New Jersey,2020-10,1870552591.1999998,4779973033.0,1005248037.6000001,185951059.0
New York/New Jersey,2020-11,1641165258.1999998,4429756488.5,913823843.2,170620487.0
New York/New Jersey,2020-12,1528547909.3999999,4074269769.5,849126657.2,154257116.0
New York/New Jersey,2021-01,1285656680.8,3294839214.0,730812071.3,133413314.0
New York/New Jersey,2021-02,1152007000.9999998,3052861020.5,648665798.9,119902562.0
New York/New Jersey,2021-03,1799266684.3999999,4669153948.5,976993647.3,180853079.0
New York/New Jersey,2021-04,1898482298.3999999,4902445638.0,1026084614.3000002,190632674.0
New York/New Jersey,2021-05,2254399549.4,5668245991.0,1183177694.4,220173702.0
New York/New Jersey,2021-06,2287756593.8,6113626671.0,1215606549.1000001,231655506.0
New York/New Jersey,2021-07,2313893842.0,6415167152.0,1242666045.3,238218571.0
New York/New Jersey,2021-08,2079230425.4,6153024098.0,1135688310.9999998,221048488.0
New York/New Jersey,2021-09,2064613214.6000001,6012903324.5,1151471967.2,225011210.0
New York/New Jersey,2021-10,2028829104.4,6098680162.5,1161460226.1000001,228378762.0
New York/New Jersey,2021-11,1907713982.2000003,5952609298.5,1118720158.6,220863190.0
New York/New Jersey,2021-12,1847225765.0,6173411015.0,1132692810.0,226541622.0
New York/New Jersey,2022-01,1370966493.6000001,4745622809.5,876951983.1999999,179288065.0
New York/New Jersey,2022-02,1458875461.1999998,4885109690.0,900767484.5999999,183091398.0
New York/New Jersey,2022-03,1856524755.2,5681743215.5,1073821900.7,212595576.0
New York/New Jersey,2022-04,2022413437.0,6008749742.5,1159468679.2000003,228810953.0
New York/New Jersey,2022-05,2229014200.2000003,6249611637.5,1225636137.8000002,237821235.0
New York/New Jersey,2022-06,2344378733.7999997,6433357678.5,1264406846.8999999,243451951.0
New York/New Jersey,2022-07,2266487524.6,6540402086.5,1245628533.0,241654079.0
New York/New Jersey,2022-08,2126880954.9999998,6462377896.0,1182825551.4,231897982.0
New York/New Jersey,2022-09,2105123013.4,6244738710.0,1182580502.3000002,231892178.0
New York/New Jersey,2022-10,2028917195.6,6170064598.0,1166416271.3,229981745.0
New York/New Jersey,2022-11,1848501322.6,5809692065.5,1083102252.2999997,213806309.0
New York/New Jersey,2022-12,1860694625.1999998,6175106475.0,1129289275.8,225551513.0
New York/New Jersey,2023-01,1652423121.5999997,5535803743.5,1032002850.5,209310578.0
New York/New Jersey,2023-02,1612415911.6,5302761496.5,983375814.7,198976748.0
New York/New Jersey,2023-03,1877471950.8,5859624686.5,1091013183.4,217080399.0
New York/New Jersey,2023-04,2029701322.9999998,6164166337.0,1169418167.8,231951578.0
New York/New Jersey,2023-05,2271838530.4000006,6472996722.0,1253489135.1,243984312.0
New York/New Jersey,2023-06,2331636425.3999996,6632787417.5,1280612801.8000002,248067859.0
New York/New Jersey,2023-07,2329661163.2000003,6783875891.0,1291478190.3000002,250251657.0
New York/New Jersey,2023-08,2149066676.4,6643038017.5,1209376478.8000002,237791950.0
New York/New Jersey,2023-09,2007358064.8000002,6083697768.5,1138694338.0000002,224365243.0
New York/New Jersey,2023-10,1997171645.8000002,6179417615.0,1158506322.7,229583634.0
New York/New Jersey,2023-11,1865372706.8000002,5968938425.0,1105448716.6,219682814.0
New York/New Jersey,2023-12,1834979639.9999998,6317547358.5,1138289543.5,229452920.0
New York/New Jersey,2024-01,1601795832.2,5192036757.5,983274355.8000001,198188128.0
New York/New Jersey,2024-02,1643761711.2000003,5365158373.5,1004271832.6000001,203370367.0
New York/New Jersey,2024-03,1879394133.0,5905565919.5,1102722897.5,220580225.0
New York/New Jersey,2024-04,1951848262.6,5886744197.5,1118465210.7,221382112.0
New York/New Jersey,2024-05,2273831846.6,6533881670.5,1267894575.1,247528443.0
New York/New Jersey,2024-06,2341615461.0000005,6650515511.0,1300693437.7,251797954.0
New York/New Jersey,2024-07,2261844484.9999995,6591436785.0,1264837448.1999998,245058725.0
New York/New Jersey,2024-08,2174804709.0,6649100729.0,1231322383.8,241287076.0
New York/New Jersey,2024-09,1935225887.6,5924687140.5,1110747762.7,219502070.0
New York/New Jersey,2024-10,1972759949.8,6241119103.5,1154964687.5,230439979.0
New York/New Jersey,2024-11,1836396361.8,6061272831.0,1105018427.7,221712433.0
New York/New Jersey,2024-12,1847178884.1999998,6578753988.0,1169797283.6000001,237593780.0
Philadelphia,2020-01,1215701154.3999999,3116388414.0,661157010.2,122874215.0
Philadelphia,2020-02,1215572753.2,3143737963.0,658773601.0999999,123385253.0
Philadelphia,2020-03,927819261.6,2018491200.5,465391099.70000005,82719904.0
Philadelphia,2020-04,481211052.6,305246345.5,206520366.0,28070014.0
Philadelphia,2020-05,870820871.0000001,526856120.0,364953233.5,49063125.0
Philadelphia,2020-06,1303882694.0,1940568225.5,563522644.8,87088301.0
Philadelphia,2020-07,1335325005.6,2354128839.5,588033528.9,93961016.0
Philadelphia,2020-08,1210491004.3999999,2339746778.0,542044553.8000001,88884944.0
Philadelphia,2020-09,1254928707.4,2565788944.5,590099763.8000001,101062303.0
Philadelphia,2020-10,1241238228.6000004,2669114763.0,598617049.9999999,104315089.0
Philadelphia,2020-11,1082322672.8,2488090663.0,540357647.1999999,95587731.0
Philadelphia,2020-12,968562553.6,2020051295.5,460884317.49999994,75402481.0
Philadelphia,2021-01,909231446.4,2109224879.5,472466887.1,84301000.0
Philadelphia,2021-02,838024424.0,1955591028.5,424921470.1999999,75856861.0
Philadelphia,2021-03,1287672450.6000001,2864044665.0,632140472.4000001,111612517.0
Philadelphia,2021-04,1324246371.3999999,2871700395.0,647510071.4000001,114073787.0
Philadelphia,2021-05,1468261296.8,2928015122.0,684545974.5,117391151.0
Philadelphia,2021-06,1452514099.2,3141505818.0,697623860.1999999,123904168.0
Philadelphia,2021-07,1490214167.0000002,3367057347.0,721940677.0000001,129429778.0
Philadelphia,2021-08,1388803547.3999996,3381768833.0,681195191.9999999,124233694.0
Philadelphia,2021-09,1296786437.8,2985459452.0,646711851.7,116966563.0
Philadelphia,2021-10,1302949256.2,3087931202.5,663095257.4999999,120801967.0
Philadelphia,2021-11,1230177870.0000002,3016963074.5,640418172.3,117288842.0
Philadelphia,2021-12,1195139968.1999998,3190383196.0,657950466.4,123043039.0
Philadelphia,2022-01,908534699.4,2441423147.5,507515454.3,96083105.0
Philadelphia,2022-02,968626798.8,2521241998.5,525299940.3,98839343.0
Philadelphia,2022-03,1219010630.2000003,2899681355.0,622031215.0999999,113665845.0
Philadelphia,2022-04,1297858009.2,2999323320.5,658018200.1999999,119830519.0
Philadelphia,2022-05,1423133673.0000002,3070986537.5,695611211.4,123933362.0
Philadelphia,2022-06,1465399664.8,3069050301.0,702215610.6999999,123691228.0
Philadelphia,2022-07,1452558142.4000003,3165150700.5,705395004.1,125129587.0
Philadelphia,2022-08,1387104967.2000003,3252099656.5,685092616.8000001,123653458.0
Philadelphia,2022-09,1317000920.0,2953345698.5,653128511.0,116944544.0
Philadelphia,2022-10,1292986806.6000001,2971359779.5,654329450.2,118083859.0
Philadelphia,2022-11,1194032457.4,2877736928.5,618589215.1,112387932.0
Philadelphia,2022-12,1195136034.2,3049334741.0,637925453.6,117679037.0
Philadelphia,2023-01,1032635098.6000001,2684033648.0,570672644.8,106818385.0
Philadelphia,2023-02,1037479409.4,2652007851.5,559950182.4,104780025.0
Philadelphia,2023-03,1204170837.6,2902534226.5,618556161.8,113470542.0
Philadelphia,2023-04,1295202521.6,2983404689.5,656227331.3,119290815.0
Philadelphia,2023-05,1410758360.8000002,3040095144.5,688330220.2,122381051.0
Philadelphia,2023-06,1422836162.4,3053519002.0,691942798.9,122470075.0
Philadelphia,2023-07,1441819136.6,3152950781.5,704506307.9,124813751.0
Philadelphia,2023-08,1359679859.8,3196956020.5,676808584.6,122129145.0
Philadelphia,2023-09,1251367508.3999999,2895234066.0,629779296.9,113955071.0
Philadelphia,2023-10,1230852102.8,2878141550.0,627678224.4999999,113923986.0
Philadelphia,2023-11,1165935175.3999999,2859676174.0,609005663.0999999,111400255.0
Philadelphia,2023-12,1140472826.8,3051109213.5,625987072.0,116945906.0
Philadelphia,2024-01,984456730.8,2432918997.5,528916945.9,97774729.0
Philadelphia,2024-02,1060402431.5999999,2629529311.0,563291323.5999999,104568067.0
Philadelphia,2024-03,1228247933.6000001,2948572477.0,630323107.9,115709971.0
Philadelphia,2024-04,1229646022.8000002,2807102807.0,618357110.8,111950558.0
Philadelphia,2024-05,1432856741.2,3054590046.5,698460122.8000001,123905785.0
Philadelphia,2024-06,1419502711.0,3019668797.0,690207998.6,121956956.0
Philadelphia,2024-07,1424899596.1999998,3078772308.0,692764263.0999999,122172185.0
Philadelphia,2024-08,1398128977.4,3246090237.0,694247542.9,124926603.0
Philadelphia,2024-09,1202801260.2,2742699802.0,603896223.5,108697182.0
Philadelphia,2024-10,1227544769.2,2858464649.0,622091537.7,112661668.0
Philadelphia,2024-11,1162602414.6,2869806052.5,606835753.4,111396595.0
Philadelphia,2024-12,1179708627.0,3089706216.5,638633681.9,118596548.0
Seattle,2020-01,653295201.2,1892923000.0,363252062.70000005,71104940.0
Seattle,2020-02,668582103.0,1936004174.0,372422074.2,73063988.0
Seattle,2020-03,507973980.4,1189987275.0,261848299.5,48183610.0
Seattle,2020-04,278845049.59999996,206607323.0,129624944.5,18320564.0
Seattle,2020-05,459053381.6,343056642.5,201055724.1,28494271.0
Seattle,2020-06,617890780.2,658668296.0,289771072.3,45649535.0
Seattle,2020-07,599304063.8,685747555.0,288350668.20000005,46615979.0
Seattle,2020-08,575909505.8,699394987.0,283357799.6,46606972.0
Seattle,2020-09,581217212.8000001,720051858.5,286678434.2,47652375.0
Seattle,2020-10,589622852.0,751817067.5,297673948.4,49722957.0
Seattle,2020-11,481039088.59999996,554899462.0,245737506.60000002,39437142.0
Seattle,2020-12,436530224.0,435938190.0,224648381.5,34219465.0
Seattle,2021-01,384937691.4,389310288.5,198368976.0,30321572.0
Seattle,2021-02,403312923.6,752070587.5,197359111.8,32522680.0
Seattle,2021-03,641200271.8,1409221019.0,306838793.1999999,53275093.0
Seattle,2021-04,670136449.8,1575726235.5,336379764.5,61452127.0
Seattle,2021-05,747344435.5999999,1615410825.0,357730311.1,63510869.0
Seattle,2021-06,743645145.0,1620206128.5,351815080.8,62367838.0
Seattle,2021-07,786865439.2000002,1948681623.0,393648185.2,73495867.0
Seattle,2021-08,739719497.6,1940519933.5,374360921.8,70880090.0
Seattle,2021-09,709957897.8,1770590063.0,360928394.9,67771661.0
Seattle,2021-10,708655992.2,1815638715.0,369652188.8,69853846.0
Seattle,2021-11,644958803.2,1724600141.0,344637758.9,65632563.0
Seattle,2021-12,604523694.4,1753340553.0,341916594.2,66256465.0
Seattle,2022-01,518683899.99999994,1553925327.0,298912089.29999995,59251079.0
Seattle,2022-02,534077677.59999996,1518544039.5,296062692.8,58032535.0
Seattle,2022-03,667448752.1999999,1708912528.0,347283473.8,65772299.0
Seattle,2022-04,689548035.8,1728977819.5,358900026.4,67878152.0
Seattle,2022-05,752945756.8000001,1799332063.0,379771626.9,70723088.0
Seattle,2022-06,785732456.8,1810829144.5,386853572.90000004,71172525.0
Seattle,2022-07,779733980.0,1905736438.5,389264835.1,72573701.0
Seattle,2022-08,760446867.4000001,1945639428.0,382144039.29999995,71946050.0
Seattle,2022-09,737927384.0,1827379807.5,374099484.4,70165132.0
Seattle,2022-10,713712314.8000001,1815509203.0,370535208.20000005,70061236.0
Seattle,2022-11,642658083.0,1694608959.0,340433365.3,64507065.0
Seattle,2022-12,610915223.2,1765456311.0,343259710.59999996,66637282.0
Seattle,2023-01,592956919.2,1658636540.0,328690010.40000004,64013069.0
Seattle,2023-02,579454083.2,1602948875.5,316763000.7,61708767.0
Seattle,2023-03,682106396.6,1759315739.0,355277524.7,67624917.0
Seattle,2023-04,707094271.0,1756547472.0,364468222.9,68821928.0
Seattle,2023-05,775346833.6,1794055863.5,383666841.40000004,70873770.0
Seattle,2023-06,803304188.8000001,1840148778.0,395501118.0,72612348.0
Seattle,2023-07,810935680.8,1932593913.5,404543254.40000004,74805219.0
Seattle,2023-08,785864273.6000001,1930566916.0,392288915.0,72945980.0
Seattle,2023-09,723930754.2,1787108565.5,368324454.9,69131720.0
Seattle,2023-10,706390387.0,1771902517.0,364020996.4,68663585.0
Seattle,2023-11,660314844.0,1711794637.5,347643105.3,65785662.0
Seattle,2023-12,630050795.1999999,1780448838.5,348902837.70000005,67396126.0
Seattle,2024-01,559039288.6,1525738673.0,304465958.0,59021970.0
Seattle,2024-02,580069367.2,1601336604.5,315560756.4,61614564.0
Seattle,2024-03,672569191.5999999,1772304713.5,353589173.90000004,67891256.0
Seattle,2024-04,690817428.8000001,1714756950.0,353131978.59999996,66636106.0
Seattle,2024-05,775611017.4,1800921639.0,383844156.3000001,70869711.0
Seattle,2024-06,786677593.8000001,1828976229.5,389362461.0,71705247.0
Seattle,2024-07,801308226.8000001,1897823106.5,396440886.0,73018527.0
Seattle,2024-08,794086807.2,1971690800.0,399060326.8,74443644.0
Seattle,2024-09,700834502.0,1724485310.0,354141364.29999995,66324351.0
Seattle,2024-10,688995218.1999999,1745255521.0,354190565.09999996,66875597.0
Seattle,2024-11,643818752.4,1710665202.5,339807453.90000004,64738285.0
Seattle,2024-12,620792369.1999999,1797028948.5,343679741.09999996,66909898.0
