host_city_canonical,year_month,avg_temp_c,sum_cdd_c,sum_hdd_c,avg_rh_pct,sum_precip_hundredths_mm,day_station_rows
Atlanta,2020-01,9.473732718894013,13.238499999999998,1937.4028,68.00751382488478,115843.30000000002,217
Atlanta,2020-02,9.941182266009852,11.2807,1723.1333000000013,74.35387241379313,188396.50000000006,203
Atlanta,2020-03,16.332718894009226,218.8372999999999,657.1869000000004,70.99925345622123,116249.29999999999,217
Atlanta,2020-04,16.243523809523815,114.14460000000001,548.7955,59.34370523809523,120198.99999999999,210
Atlanta,2020-05,20.109815668202774,635.1947999999999,248.52099999999993,65.59621797235026,44228.80000000001,217
Atlanta,2020-06,24.728952380952368,1349.136699999999,1.4661,72.15885380952382,58373.700000000004,210
Atlanta,2020-07,27.64608294930877,2028.7285999999997,0.0,71.35856497695853,43143.399999999994,217
Atlanta,2020-08,27.06096774193548,1892.3242999999995,0.0,76.33570921658988,108582.00000000001,217
Atlanta,2020-09,23.127999999999997,1062.3650999999995,53.0793,75.10146666666668,104804.00000000001,210
Atlanta,2020-10,19.515668202764978,448.26920000000007,197.13389999999995,75.00534423963133,70745.5,217
Atlanta,2020-11,14.906857142857147,138.87150000000003,860.2307000000002,68.11759761904764,59403.80000000001,210
Atlanta,2020-12,7.671935483870969,0.0,2319.2651000000014,68.09038341013823,56312.4,217
Atlanta,2021-01,8.018479262672816,3.1505,2241.3622000000005,68.49523271889399,76140.09999999999,217
Atlanta,2021-02,9.236224489795923,7.2754,1787.7147000000004,69.48197653061231,68577.90000000001,196
Atlanta,2021-03,15.108986175115204,107.76140000000001,815.6672000000001,59.82639354838708,86391.0,217
Atlanta,2021-04,16.657952380952377,164.5927000000001,518.6972,54.87299,41364.200000000004,210
Atlanta,2021-05,20.36271889400922,577.2064000000004,132.49070000000003,62.32589354838707,71488.3,217
Atlanta,2021-06,24.879523809523814,1382.6925000000003,0.0,72.18593285714286,67428.30000000002,210
Atlanta,2021-07,26.31866359447003,1734.4324,0.0,76.74062211981565,109191.60000000002,217
Atlanta,2021-08,26.615345622119822,1799.1770999999999,0.0,77.61823179723505,95656.90000000001,217
Atlanta,2021-09,22.944571428571432,988.8657000000001,17.659199999999995,75.198140952381,74211.40000000001,210
Atlanta,2021-10,19.09193548387098,482.4003,318.1371,77.11377972350235,82599.29999999999,217
Atlanta,2021-11,11.337380952380954,0.0,1467.9087,61.38111523809526,23757.1,210
Atlanta,2021-12,12.814700460829489,33.292399999999994,1231.2098000000005,76.7734930875576,115199.70000000001,217
Atlanta,2022-01,7.083640552995393,26.7591,2472.008,64.20108709677419,60434.99999999999,217
Atlanta,2022-02,10.738622448979589,23.590200000000003,1511.3009999999997,62.078837755102064,74796.50000000001,196
Atlanta,2022-03,14.141152073732718,47.37200000000001,970.3583000000003,57.18150967741936,96878.89999999998,217
Atlanta,2022-04,16.63238095238095,128.69720000000004,487.01980000000015,58.766270000000034,71813.40000000001,210
Atlanta,2022-05,22.639078341013814,956.3261999999999,23.347,66.67166774193547,52820.299999999996,217
Atlanta,2022-06,26.532761904761905,1716.8635000000002,0.0,64.38674190476189,35604.20000000001,210
Atlanta,2022-07,27.156866359447005,1920.1642000000013,0.0,76.95641843317975,92353.1,217
Atlanta,2022-08,25.993225806451616,1666.8975,0.0,78.894567281106,73998.7,217
Atlanta,2022-09,22.740761904761925,966.7534000000003,37.18809999999999,69.20590571428569,42410.90000000001,210
Atlanta,2022-10,16.174976958525345,74.22130000000001,539.2611999999998,61.63361244239633,33053.0,217
Atlanta,2022-11,13.133428571428567,103.4994,1192.9826999999998,67.78121809523809,113369.50000000001,210
Atlanta,2022-12,8.454055299539172,16.808999999999997,2163.8659000000002,71.75891520737324,84490.39999999997,217
Atlanta,2023-01,10.448663594470045,2.4842999999999997,1720.8650000000011,70.87933364055299,171450.49999999997,217
Atlanta,2023-02,13.427244897959183,94.46499999999999,1065.4753999999998,68.10309030612248,56591.8,196
Atlanta,2023-03,13.978248847926277,93.90750000000003,1044.1906000000008,57.84890184331801,89866.7,217
Atlanta,2023-04,16.93557142857143,169.39419999999998,462.83320000000003,61.94924333333333,64557.100000000006,210
Atlanta,2023-05,20.392995391705064,588.6442,144.10470000000004,68.25731290322581,40276.100000000006,217
Atlanta,2023-06,23.876428571428576,1163.8656000000003,0.0,69.41763285714285,86495.59999999999,210
Atlanta,2023-07,27.35838709677418,1956.7665000000002,0.0,70.70537603686634,59270.9,217
Atlanta,2023-08,27.242626728110576,1927.0579000000007,0.0,71.38086820276496,88448.70000000003,217
Atlanta,2023-09,23.34080952380954,1055.5215999999998,1.0506,69.8013085714286,22424.300000000003,210
Atlanta,2023-10,17.757972350230418,239.31539999999984,366.3153,67.00478663594474,38931.700000000004,217
Atlanta,2023-11,12.398000000000007,11.766499999999999,1260.3627999999997,63.92506857142855,41485.9,210
Atlanta,2023-12,9.396866359446996,0.1751,1931.7651000000014,67.04932119815666,47660.29999999999,217
Atlanta,2024-01,7.107373271889401,7.985899999999999,2450.5922999999984,66.15049400921654,121536.80000000003,217
Atlanta,2024-02,10.921822660098528,3.2576,1510.4882,56.66437389162562,90618.39999999998,203
Atlanta,2024-03,14.578341013824891,20.377,837.239,63.20028110599079,120499.49999999997,217
Atlanta,2024-04,18.02085714285713,284.9562999999999,347.3066000000002,62.23921285714284,66471.6,210
Atlanta,2024-05,22.629585253456213,946.0392999999996,6.7645,71.17558387096776,61487.2,217
Atlanta,2024-06,26.381476190476196,1685.0260999999998,0.0,60.95914619047624,24513.999999999996,210
Atlanta,2024-07,27.65635944700461,2033.0950999999995,0.0,74.66965253456222,122500.99999999996,217
Atlanta,2024-08,26.96064516129031,1865.2716999999996,0.0,65.61167004608292,28729.6,217
Atlanta,2024-09,23.943761904761924,1186.8674000000005,0.0,71.95317095238097,123562.9,210
Atlanta,2024-10,18.897419354838707,402.89660000000015,289.2165999999999,65.51476958525342,587.6,217
Atlanta,2024-11,15.195095238095245,153.43000000000004,817.7437999999997,74.3332695238095,64566.0,210
Atlanta,2024-12,8.651797235023043,2.1951,2102.365200000001,66.0214059907834,78379.79999999999,217
Boston,2020-01,1.441935483870968,0.0,4724.1058,65.99983906810037,37197.5,279
Boston,2020-02,1.8032567049808426,0.0,4326.653600000001,66.08874789272032,67777.0,261
Boston,2020-03,5.470250896057345,0.0,3577.648300000003,60.371325089605705,81345.49999999999,279
Boston,2020-04,6.9759259259259245,0.0,3068.589800000001,63.68095703703704,121029.7,270
Boston,2020-05,13.757168458781361,140.88139999999999,1421.2210000000007,62.1300480286738,64792.0,279
Boston,2020-06,20.121111111111116,723.4789000000003,238.61399999999992,70.73680629629631,68218.0,270
Boston,2020-07,23.97598566308244,1590.303099999999,18.3854,75.89781362007163,36988.1,279
Boston,2020-08,23.01426523297491,1322.7838999999994,25.288099999999996,71.48530681003585,41092.7,279
Boston,2020-09,18.029592592592586,398.2964000000002,485.53239999999994,71.18151962962963,36434.0,270
Boston,2020-10,12.148028673835123,19.8479,1748.7351000000003,76.9749261648745,106334.0,279
Boston,2020-11,8.583888888888891,4.6251,2637.6976000000004,70.70843703703706,103738.0,270
Boston,2020-12,2.2381720430107523,0.0,4507.572700000003,71.4320394265233,128733.0,279
Boston,2021-01,-0.2201792114695339,0.0,5166.393699999999,67.13383476702509,45384.7,279
Boston,2021-02,-0.7862698412698412,0.0,4822.540399999998,69.65083253968255,68460.6,252
Boston,2021-03,4.7728315412186415,0.3267,3793.3894999999984,55.48300752688171,47015.3,279
Boston,2021-04,9.591629629629624,0.0,2365.5234000000005,62.69982148148149,75477.20000000001,270
Boston,2021-05,14.64107526881721,134.3675,1163.4930000000004,62.39540250896061,106753.4,279
Boston,2021-06,21.12311111111111,903.1668,145.7794,72.55197074074076,46240.09999999999,270
Boston,2021-07,22.03129032258065,1068.2582000000007,41.6503,81.3440376344086,167259.00000000003,279
Boston,2021-08,23.340788530465964,1403.6348000000005,5.5374,79.22258960573477,94938.7,279
Boston,2021-09,19.590740740740742,484.49619999999993,151.72369999999998,77.96577962962967,190865.69999999995,270
Boston,2021-10,14.843046594982079,22.928700000000003,998.5192999999996,78.53948136200715,121742.90000000001,279
Boston,2021-11,6.538888888888891,0.0,3184.427099999999,65.64249518518517,54599.3,270
Boston,2021-12,4.063189964157709,0.0,3968.0134999999987,68.96324229390679,47757.000000000015,279
Boston,2022-01,-1.9712544802867389,0.0,5655.269300000001,64.775735483871,60289.5,279
Boston,2022-02,0.8687301587301595,0.0,4411.526000000001,67.23120515873013,90653.69999999998,252
Boston,2022-03,5.269999999999997,0.0,3636.3786000000005,63.03993189964159,57758.40000000003,279
Boston,2022-04,9.48425925925926,1.4144,2396.9529,58.81971111111109,87117.6,270
Boston,2022-05,15.821433691756283,249.47779999999997,945.1045000000005,68.53523082437275,46654.60000000002,279
Boston,2022-06,19.146444444444445,385.28170000000006,169.15389999999996,69.64414037037038,67805.2,270
Boston,2022-07,23.664265232974888,1500.5655999999997,3.7443,68.27715161290321,36742.8,279
Boston,2022-08,24.101111111111102,1618.9217,1.893,72.6002860215054,47073.20000000002,279
Boston,2022-09,18.219407407407417,320.2899999999999,353.6344000000001,75.66659666666672,105399.20000000001,270
Boston,2022-10,12.661612903225805,11.538799999999998,1593.9882999999998,77.51487634408598,106514.70000000001,279
Boston,2022-11,8.470407407407409,29.9025,2689.727799999999,67.71357851851852,61788.799999999996,270
Boston,2022-12,2.456917562724014,0.0,4436.851100000006,69.42311397849461,104281.79999999996,279
Boston,2023-01,3.5823297491039403,0.0,4107.349100000004,77.60022114695343,160242.4999999999,279
Boston,2023-02,1.5886507936507939,0.0,4230.0896,64.46499761904761,27590.600000000002,252
Boston,2023-03,4.578566308243729,0.0,3833.1757999999986,63.226609677419326,84213.2,279
Boston,2023-04,10.931259259259264,42.29580000000001,2039.552600000001,64.58516444444444,65977.1,270
Boston,2023-05,13.7888888888889,19.4184,1288.5948000000003,59.55578960573474,77004.9,279
Boston,2023-06,18.169555555555565,368.17120000000017,408.8421999999999,78.50484925925925,76411.9,270
Boston,2023-07,23.80283154121865,1528.354,0.2856,80.48526917562727,144373.70000000004,279
Boston,2023-08,20.954229390681004,765.9592999999999,32.508799999999994,77.39466989247308,102607.1,279
Boston,2023-09,19.002962962962947,576.6335999999999,397.4902999999998,80.65336,138263.69999999995,270
Boston,2023-10,13.86010752688172,46.0218,1298.6275999999998,78.04731577060933,63460.69999999999,279
Boston,2023-11,5.426370370370371,0.0,3485.216999999999,67.48001851851853,45305.00000000001,270
Boston,2023-12,4.6191756272401445,0.0,3827.147600000002,76.30321326164874,141019.49999999994,279
Boston,2024-01,0.6312544802867383,0.0,4935.577799999999,71.77177132616488,145608.99999999994,279
Boston,2024-02,1.2747509578544074,0.0,4434.171800000001,65.33677777777775,41908.60000000002,261
Boston,2024-03,6.091577060931901,0.0,3417.1909999999993,66.7389910394265,181340.79999999993,279
Boston,2024-04,9.267999999999992,2.7076000000000002,2452.9681,65.74896740740746,81420.20000000001,270
Boston,2024-05,15.509390681003577,155.65769999999998,942.4179000000001,76.52062401433687,121710.90000000002,279
Boston,2024-06,20.82455555555555,777.0687999999997,98.9797,72.81985555555556,83178.59999999999,270
Boston,2024-07,24.0131899641577,1591.558999999999,2.0082,78.90699534050178,82087.00000000003,279
Boston,2024-08,21.45974910394265,924.7164000000005,50.858399999999975,78.92820501792117,72460.69999999998,279
Boston,2024-09,17.76685185185186,170.86409999999998,325.36210000000005,76.479937037037,40646.59999999999,270
Boston,2024-10,12.442759856630827,3.8969,1639.16,68.89121075268814,15238.100000000002,279
Boston,2024-11,8.63788888888889,18.694899999999997,2627.1843999999996,62.24292444444443,51256.799999999996,270
Boston,2024-12,1.0521146953405018,0.0,4817.892299999999,70.81463297491041,99760.40000000001,279
Dallas,2020-01,10.115725806451609,7.9504,1029.9860999999999,70.42203306451611,40368.0,124
Dallas,2020-02,9.568965517241379,5.4573,1024.3307000000002,65.64033534482756,41202.0,116
Dallas,2020-03,17.127822580645166,143.55199999999996,294.7212000000001,73.98077419354838,73686.0,124
Dallas,2020-04,17.641250000000007,216.60920000000002,297.15790000000004,66.50341,20639.0,120
Dallas,2020-05,22.841935483870966,580.4604999999998,15.759199999999998,67.12546693548386,61366.0,124
Dallas,2020-06,27.077166666666656,1051.6499999999999,0.0,61.89266499999997,47585.0,120
Dallas,2020-07,29.268387096774187,1349.6873999999996,0.0,66.92802983870965,25142.0,124
Dallas,2020-08,29.481048387096774,1380.1004999999996,0.0,53.76340161290322,16488.0,124
Dallas,2020-09,23.416249999999994,624.2836000000001,11.8312,74.19029166666664,54623.0,120
Dallas,2020-10,18.217741935483872,291.4384,303.1857000000001,66.65997177419356,15089.0,124
Dallas,2020-11,15.585833333333325,62.1413,386.146,63.28176166666669,7624.0,120
Dallas,2020-12,9.462096774193544,0.038599999999999995,1096.5637000000002,61.82083064516129,32198.0,124
Dallas,2021-01,8.465241935483872,0.0,1218.7902000000001,65.51804516129032,25130.800000000003,124
Dallas,2021-02,4.955892857142858,0.6118,1498.3875,68.42349642857143,19823.8,112
Dallas,2021-03,15.477016129032254,63.91490000000001,415.6876,57.34372177419353,25443.0,124
Dallas,2021-04,16.975333333333328,125.23450000000001,293.7987,63.08001416666665,45373.5,120
Dallas,2021-05,21.15782258064515,393.6007999999998,44.048500000000004,77.2259379032258,84449.5,124
Dallas,2021-06,26.622999999999998,1001.5615,0.0,71.35167333333332,34433.2,120
Dallas,2021-07,28.10701612903227,1209.7830999999994,0.0,67.98413870967742,17846.8,124
Dallas,2021-08,28.54532258064516,1266.9472000000003,0.0,68.24910483870971,32098.0,124
Dallas,2021-09,25.865916666666667,908.4192999999999,0.3234,57.45094916666666,7039.4,120
Dallas,2021-10,21.37717741935483,445.3731999999999,67.5637,60.957170161290335,33272.7,124
Dallas,2021-11,14.02608333333334,35.1572,549.1754000000001,62.55362749999998,20789.999999999996,120
Dallas,2021-12,16.099112903225812,120.18100000000001,401.5886999999999,66.83403951612904,6259.5,124
Dallas,2022-01,7.7241935483871,0.0,1322.1054000000006,51.846120967741946,2772.2,124
Dallas,2022-02,7.855178571428569,8.6988,1180.6042999999997,57.38349910714287,19158.5,112
Dallas,2022-03,14.691532258064514,85.1076,529.2836999999997,50.185192741935474,19212.4,124
Dallas,2022-04,20.409083333333335,354.10579999999993,105.46140000000001,56.719644999999986,35569.5,120
Dallas,2022-05,25.105483870967753,831.3286,0.0309,63.53995403225807,28961.6,124
Dallas,2022-06,29.33124999999999,1328.6216999999995,0.0,54.66981083333334,9828.1,120
Dallas,2022-07,32.33282258064516,1752.5909999999994,0.0,45.18286935483874,3482.7,124
Dallas,2022-08,29.9107258064516,1435.0339,0.0,59.357316935483844,66076.9,124
Dallas,2022-09,25.964,912.8827999999997,0.8632,60.84413416666668,19782.1,120
Dallas,2022-10,19.794919354838704,313.3551,130.4395,54.346827419354845,36675.3,124
Dallas,2022-11,12.75041666666666,91.4504,767.4135,75.17040750000001,43373.5,120
Dallas,2022-12,10.128306451612907,31.893600000000003,1044.8213999999998,67.58026612903225,20089.1,124
Dallas,2023-01,11.319838709677422,32.89900000000001,909.8620999999997,60.3494064516129,12826.599999999999,124
Dallas,2023-02,11.730982142857146,42.812799999999996,787.1624999999996,64.38818214285712,34212.100000000006,112
Dallas,2023-03,16.142822580645163,135.32130000000004,405.80539999999985,63.19242016129031,39133.6,124
Dallas,2023-04,17.97883333333334,140.65050000000002,186.20159999999993,63.12161500000001,29334.200000000004,120
Dallas,2023-05,23.538709677419355,649.5373,0.8871,69.05259919354842,35724.99999999999,124
Dallas,2023-06,28.41091666666667,1210.6669999999997,0.0,67.00773333333333,29279.3,120
Dallas,2023-07,31.075887096774203,1581.3432999999998,0.0,54.49692661290322,8078.000000000001,124
Dallas,2023-08,32.899758064516114,1810.1888000000006,0.0,41.997044354838714,2231.6,124
Dallas,2023-09,28.324499999999997,1198.1074000000006,0.0,55.62892583333334,21935.6,120
Dallas,2023-10,20.240806451612908,440.5690000000001,198.41159999999996,62.6026266129032,81307.70000000001,124
Dallas,2023-11,13.919249999999996,71.8317,603.6282,69.21678083333333,5453.400000000001,120
Dallas,2023-12,11.14241935483871,8.2329,896.7868000000001,62.662341129032264,32354.3,124
Dallas,2024-01,6.033870967741936,0.0,1519.786,66.52303709677419,35809.8,124
Dallas,2024-02,14.05689655172414,56.78680000000001,554.8035999999997,62.31979051724135,23723.399999999998,116
Dallas,2024-03,16.043064516129032,99.39640000000001,376.24280000000016,69.22235161290325,44860.799999999996,124
Dallas,2024-04,19.913249999999998,296.3084,109.57330000000003,70.41141833333333,55962.1,120
Dallas,2024-05,24.539435483870964,765.7455000000001,0.0297,74.93685967741938,75970.09999999999,124
Dallas,2024-06,28.003833333333326,1168.0871,0.0,68.99633833333336,24920.5,120
Dallas,2024-07,28.820483870967742,1298.5254999999997,0.0,65.75453870967745,25295.4,124
Dallas,2024-08,30.87564516129033,1552.7807999999995,0.0,55.208304032258056,6434.599999999999,124
Dallas,2024-09,25.629416666666664,879.2346999999997,0.0,64.08260083333334,24588.199999999997,120
Dallas,2024-10,23.244596774193546,639.5535999999997,29.6647,51.43800322580646,2784.5,124
Dallas,2024-11,15.879500000000005,78.8831,367.9532000000001,64.56432083333335,19926.700000000004,120
Dallas,2024-12,12.215564516129032,15.907100000000002,774.6777000000002,68.11416854838708,57218.200000000004,124
Houston,2020-01,13.979758064516131,54.687300000000015,595.2561999999999,77.6387701612903,38443.3,124
Houston,2020-02,13.447413793103443,38.334,602.3691999999999,74.84588362068963,14823.0,116
Houston,2020-03,20.968387096774197,404.8339000000001,84.12920000000001,78.87013790322578,20534.5,124
Houston,2020-04,20.846333333333334,376.014,74.2394,74.50994999999996,34781.7,120
Houston,2020-05,24.498548387096772,758.9698999999999,1.2091,73.35195806451617,52415.40000000001,124
Houston,2020-06,26.9615,1039.4816999999996,0.0,72.93222083333332,52109.799999999996,120
Houston,2020-07,28.914032258064516,1309.2121,0.0,76.29961693548384,50674.7,124
Houston,2020-08,29.02379032258064,1329.7471999999998,0.0,71.53024677419354,21448.699999999997,124
Houston,2020-09,26.31383333333333,956.7544999999994,0.0,75.32022833333332,74801.30000000002,120
Houston,2020-10,21.70854838709677,518.5312999999998,105.89530000000002,75.9133072580645,26064.300000000003,124
Houston,2020-11,18.508499999999994,204.87169999999992,178.19070000000005,73.29212916666668,40499.7,120
Houston,2020-12,12.607177419354828,21.1186,733.2364999999995,75.17274112903223,55710.8,124
Houston,2021-01,12.90951612903226,41.498900000000006,712.5259000000001,71.54825967741937,28665.8,124
Houston,2021-02,11.273482142857137,77.933,872.9856000000003,76.95354285714286,13616.199999999999,112
Houston,2021-03,18.15540322580645,211.8297,232.9633,72.29443145161292,18675.199999999997,124
Houston,2021-04,20.50608333333332,365.00910000000005,110.908,71.5844475,18274.2,120
Houston,2021-05,24.413225806451617,746.5111999999997,0.0,79.57363306451607,139765.9,124
Houston,2021-06,28.079166666666666,1166.9926,0.0,77.96785000000001,68359.7,120
Houston,2021-07,28.24185483870968,1224.3674999999994,0.0,80.50097500000001,70362.5,124
Houston,2021-08,28.936532258064513,1311.496,0.0,77.97992419354841,29111.500000000004,124
Houston,2021-09,26.082333333333338,925.1936999999998,0.0,75.19633583333338,64745.59999999999,120
Houston,2021-10,23.36879032258063,660.3293000000001,30.0945,73.08457096774193,60381.299999999996,124
Houston,2021-11,16.42375000000001,81.00800000000001,309.1138999999999,75.81782833333338,28398.4,120
Houston,2021-12,19.64870967741935,348.3045999999999,183.36900000000003,81.17332741935485,20729.7,124
Houston,2022-01,11.98008064516129,44.0245,835.0632999999998,66.9015016129032,16287.400000000005,124
Houston,2022-02,11.644464285714289,52.73709999999999,809.3034,71.67567589285714,23578.100000000002,112
Houston,2022-03,16.63129032258065,131.2286,343.14740000000006,65.31582096774194,29965.0,124
Houston,2022-04,22.816583333333337,563.6362,23.6191,70.10590499999996,15233.7,120
Houston,2022-05,26.990564516129023,1073.7792,0.0,73.06751935483871,28298.8,124
Houston,2022-06,29.54183333333333,1346.9175,0.0,68.24746833333332,7664.099999999999,120
Houston,2022-07,30.373064516129034,1502.9847000000002,0.0,69.29837419354841,17334.499999999996,124
Houston,2022-08,29.088145161290324,1336.5653000000007,0.0,75.43653790322581,75118.49999999999,124
Houston,2022-09,26.467999999999996,978.0539999999999,0.4888,69.06882499999999,18916.2,120
Houston,2022-10,21.013951612903234,405.9485,72.9105,64.16956048387097,27347.3,124
Houston,2022-11,16.28066666666667,192.81660000000002,437.68919999999997,77.47980416666661,64052.0,120
Houston,2022-12,14.349354838709678,186.04160000000005,681.8597,75.03199193548389,38168.9,124
Houston,2023-01,14.873387096774204,102.53940000000001,523.9304000000002,74.78389032258067,45585.90000000001,124
Houston,2023-02,16.00401785714286,199.87470000000005,461.0378,76.89621160714286,16279.5,112
Houston,2023-03,19.478870967741926,336.34240000000005,197.2957,72.6860064516129,35678.6,124
Houston,2023-04,20.393583333333325,302.48,51.527699999999975,74.75633416666668,51610.50000000001,120
Houston,2023-05,24.73516129032258,794.2762999999995,0.0,77.07254596774195,43625.299999999996,124
Houston,2023-06,28.70691666666666,1250.5184000000002,0.0,74.74968750000002,23940.699999999997,120
Houston,2023-07,30.251774193548382,1480.6276,0.0,70.4386112903226,8189.400000000001,124
Houston,2023-08,31.746048387096753,1669.1701999999993,0.0,60.126854032258066,3337.3000000000006,124
Houston,2023-09,29.107416666666662,1288.9217,0.0,66.26356333333335,22242.499999999996,120
Houston,2023-10,22.29451612903225,579.5971,93.8043,71.40330080645158,43401.90000000001,124
Houston,2023-11,16.156916666666664,113.255,380.37149999999997,75.46969416666666,44188.700000000004,120
Houston,2023-12,13.982419354838706,46.03869999999999,586.2614,71.68980645161291,29858.000000000004,124
Houston,2024-01,10.682500000000001,3.3415999999999997,954.2471999999999,72.9366693548387,102556.79999999999,124
Houston,2024-02,16.18025862068966,94.74000000000001,340.193,71.657425,26482.000000000007,116
Houston,2024-03,18.974758064516124,229.3667999999999,142.74029999999996,75.77792419354839,31702.299999999996,124
Houston,2024-04,22.141416666666665,486.5177,25.345899999999997,76.27366666666666,42399.30000000001,120
Houston,2024-05,26.140000000000004,972.3280999999998,0.0,82.19622661290319,76511.4,124
Houston,2024-06,28.463833333333337,1213.8789,0.0,77.85108833333331,55737.49999999999,120
Houston,2024-07,28.049032258064514,1212.5478,0.0,81.85009919354835,102507.3,124
Houston,2024-08,29.469919354838705,1377.6747999999998,0.0,76.0270298387097,15400.199999999999,124
Houston,2024-09,26.958250000000007,1038.4976000000001,0.0,75.90587916666667,14724.199999999997,120
Houston,2024-10,23.72758064516129,681.7591999999996,12.3555,64.17444758064514,9386.6,124
Houston,2024-11,19.87900000000001,360.2173000000001,177.05200000000005,71.52187499999998,33123.7,120
Houston,2024-12,15.372661290322577,80.84420000000001,451.3839999999999,76.85073467741937,68212.60000000002,124
Kansas City,2020-01,0.7412903225806449,0.0,2190.7484999999992,77.61642258064516,23906.3,124
Kansas City,2020-02,1.8262931034482752,0.0,1908.3497999999997,69.6790474137931,11223.300000000001,116
Kansas City,2020-03,9.628467741935482,1.6473,1066.9109999999996,68.96921693548387,42825.299999999996,124
Kansas City,2020-04,12.006416666666663,24.033399999999997,781.3662,63.49661916666666,41523.7,120
Kansas City,2020-05,16.97870967741936,143.95119999999991,315.1037,73.05102096774196,47834.3,124
Kansas City,2020-06,25.068999999999992,814.5841000000003,0.0,68.6214775,46140.9,120
Kansas City,2020-07,26.399112903225802,997.3862999999994,0.0,75.70562419354837,70095.3,124
Kansas City,2020-08,24.01596774193548,703.9469999999999,2.3081,68.3092814516129,21081.4,124
Kansas City,2020-09,19.667833333333338,273.6068,112.36079999999997,70.868255,28581.7,120
Kansas City,2020-10,12.159999999999991,83.5701,837.3407,65.43965322580647,15347.7,124
Kansas City,2020-11,9.65775,12.2547,1046.5698999999997,63.94576999999996,18126.499999999996,120
Kansas City,2020-12,2.834435483870967,0.0,1914.9053999999994,65.68263629032259,9695.800000000001,124
Kansas City,2021-01,1.563387096774193,0.0,2076.0630999999994,73.98420483870969,28494.899999999994,124
Kansas City,2021-02,-4.426160714285713,0.0,2549.7829999999994,68.86631785714283,1339.1000000000001,112
Kansas City,2021-03,10.346451612903227,6.0575,1004.2031000000003,61.46772661290323,39304.4,124
Kansas City,2021-04,12.970500000000007,53.046400000000006,698.2665000000001,61.05910749999999,43445.399999999994,120
Kansas City,2021-05,17.417338709677416,167.36269999999993,278.27469999999994,71.51902903225806,68506.29999999999,124
Kansas City,2021-06,25.026166666666672,805.9936999999996,0.8288,66.82317750000001,48401.999999999985,120
Kansas City,2021-07,25.708709677419357,915.2495,0.0,72.26899516129032,29449.0,124
Kansas City,2021-08,26.24548387096774,975.4594000000004,0.0,71.06010967741935,36108.3,124
Kansas City,2021-09,23.042916666666667,584.3575999999998,23.5199,65.21331583333334,22046.3,120
Kansas City,2021-10,16.42064516129033,134.7278,368.0632999999999,71.79075806451611,42788.3,124
Kansas City,2021-11,8.942833333333335,0.0,1120.9283000000003,59.400853333333345,10928.900000000001,120
Kansas City,2021-12,7.830645161290325,4.3315,1320.1383999999996,62.28628790322579,9184.8,124
Kansas City,2022-01,-0.5916129032258064,0.0,2346.2937000000015,59.6597048387097,4278.0,124
Kansas City,2022-02,1.0087500000000007,0.0,1929.943800000001,57.168924999999994,6408.0,112
Kansas City,2022-03,8.420645161290327,2.2798000000000003,1228.7204000000002,60.03302096774195,43312.3,124
Kansas City,2022-04,13.138250000000003,47.6624,676.3542000000003,55.35409083333334,36193.2,120
Kansas City,2022-05,19.702419354838714,368.18169999999986,204.14959999999996,70.18636532258061,64063.799999999996,124
Kansas City,2022-06,25.082416666666674,810.0894999999998,1.8824,66.27979833333335,36902.100000000006,120
Kansas City,2022-07,27.249435483870965,1107.0235000000002,0.0,65.91336532258062,37348.8,124
Kansas City,2022-08,25.711693548387107,918.4553000000004,0.0,70.31459193548388,36157.0,124
Kansas City,2022-09,21.743416666666665,465.44180000000017,56.3786,62.21663333333333,12186.4,120
Kansas City,2022-10,14.578064516129036,79.6485,544.0305000000002,53.50345241935483,21870.0,124
Kansas City,2022-11,6.672666666666666,11.714300000000001,1412.5617000000002,66.63359500000001,37911.49999999999,120
Kansas City,2022-12,1.0932258064516127,0.0,2134.206600000001,70.80781451612901,12653.400000000001,124
Kansas City,2023-01,2.57790322580645,0.0,1954.1688999999997,74.39844516129037,17784.500000000007,124
Kansas City,2023-02,4.342142857142855,0.0,1578.8834000000004,64.30392232142856,32660.899999999994,112
Kansas City,2023-03,6.940887096774193,8.5882,1435.3104999999994,68.71235483870969,23403.399999999998,124
Kansas City,2023-04,13.776583333333338,31.697700000000005,578.7478000000001,52.95795083333333,17400.1,120
Kansas City,2023-05,19.765725806451613,306.3518000000001,125.94860000000001,63.6015362903226,29457.79999999999,124
Kansas City,2023-06,24.290166666666675,712.6969999999998,4.0439,62.53573416666667,13688.099999999999,120
Kansas City,2023-07,26.317419354838712,984.7623999999993,0.0,68.59459193548385,39950.90000000001,124
Kansas City,2023-08,26.109677419354842,959.5441000000002,0.0,71.89346370967742,42057.99999999999,124
Kansas City,2023-09,22.8055,534.8228,0.5353,60.70845083333334,15419.7,120
Kansas City,2023-10,15.354516129032252,164.33800000000002,531.0582,61.830184677419375,30620.500000000004,124
Kansas City,2023-11,8.209999999999999,7.3826,1227.8063000000004,62.44126500000001,9725.699999999999,120
Kansas City,2023-12,5.855322580645163,0.0,1553.4958000000006,72.25703306451614,35365.6,124
Kansas City,2024-01,-2.524677419354839,0.0,2586.1209999999983,75.14981854838707,18458.2,124
Kansas City,2024-02,7.9941379310344844,0.0,1193.8383000000001,53.28996465517242,7834.3,116
Kansas City,2024-03,10.747903225806452,16.852600000000002,960.8169,56.24671774193549,14930.800000000003,124
Kansas City,2024-04,15.257333333333344,92.94140000000002,454.90209999999996,54.47831749999996,67350.00000000001,120
Kansas City,2024-05,20.134112903225812,265.3717,38.7863,66.89857580645163,43032.60000000001,124
Kansas City,2024-06,25.34975000000001,844.8200999999999,0.0,65.61485916666665,49893.700000000004,120
Kansas City,2024-07,25.49629032258065,888.3790999999995,0.0,69.99877338709679,47700.8,124
Kansas City,2024-08,25.194677419354836,857.5437999999996,0.5822,68.69392500000001,31698.600000000006,124
Kansas City,2024-09,21.73966666666667,440.35490000000004,26.1731,63.17281833333334,23084.7,120
Kansas City,2024-10,17.669274193548386,209.82549999999998,294.6145999999998,47.57678225806454,10636.3,124
Kansas City,2024-11,9.312833333333336,0.2772,1072.8328999999999,68.99682666666666,37754.799999999996,120
Kansas City,2024-12,3.6136290322580638,0.0,1821.7756999999992,69.87291290322582,11738.199999999999,124
Los Angeles,2020-01,12.053118279569892,2.0125,1741.1151999999984,59.31850752688171,4584.900000000001,279
Los Angeles,2020-02,13.013141762452106,35.5121,1425.8133000000007,47.87862413793106,4970.5,261
Los Angeles,2020-03,12.450896057347665,4.4273,1656.1047999999998,66.1698630824373,74979.0,279
Los Angeles,2020-04,15.80640740740741,230.3393,903.8156000000001,65.32308555555558,72176.8,270
Los Angeles,2020-05,19.39516129032258,493.0747999999999,195.69219999999999,55.17012401433696,2399.0,279
Los Angeles,2020-06,20.951851851851835,792.5153000000001,77.26120000000002,53.79863296296298,689.5,270
Los Angeles,2020-07,23.035985663082425,1338.3828000000008,31.551299999999994,50.6368781362007,0.0,279
Los Angeles,2020-08,25.220609318996416,1946.4991000000005,19.253999999999998,49.39424874551974,198.0,279
Los Angeles,2020-09,24.046629629629635,1551.0312000000001,9.4914,44.67995222222223,0.0,270
Los Angeles,2020-10,21.184874551971323,932.3269000000001,136.43040000000002,44.300662007168455,130.0,279
Los Angeles,2020-11,14.699148148148149,154.0052,1123.7227999999998,44.96230296296295,4812.9,270
Los Angeles,2020-12,12.570967741935485,33.3748,1649.2203000000006,38.11322258064516,20899.8,279
Los Angeles,2021-01,12.424587813620063,81.03270000000002,1721.8435000000004,48.20551218637991,36717.59999999999,279
Los Angeles,2021-02,12.526825396825407,0.9125,1466.4412999999993,48.38322698412699,780.3,252
Los Angeles,2021-03,12.144551971326164,20.6177,1747.5586000000005,52.881750896057355,23228.6,279
Los Angeles,2021-04,16.115666666666662,125.0199,737.8468000000004,51.020617037037034,574.4,270
Los Angeles,2021-05,17.899749103942646,276.92990000000015,398.7468999999998,56.37694229390682,573.4,279
Los Angeles,2021-06,21.867629629629658,1060.5832,111.3594,51.86335481481482,206.8,270
Los Angeles,2021-07,24.610143369175635,1756.3798999999997,5.8900999999999994,51.093018279569904,2152.7,279
Los Angeles,2021-08,24.213763440860234,1650.7447999999995,5.5301,50.146002508960585,409.9,279
Los Angeles,2021-09,22.702148148148154,1240.7135999999998,48.61740000000001,52.19879962962965,4201.0,270
Los Angeles,2021-10,18.231648745519706,379.3759999999999,417.67659999999995,49.60549139784946,12139.099999999999,279
Los Angeles,2021-11,17.125333333333334,260.27919999999995,592.9889999999998,46.84444296296293,1130.6000000000001,270
Los Angeles,2021-12,10.936594982078848,15.0181,2084.1157000000003,66.18551720430104,93682.30000000002,279
Los Angeles,2022-01,12.750788530465945,12.1032,1574.9152000000006,45.779624731182786,6813.2,279
Los Angeles,2022-02,13.16107142857144,114.22540000000001,1415.1990999999994,35.76193015873016,3595.0999999999995,252
Los Angeles,2022-03,15.21867383512546,124.53289999999998,995.0192000000002,47.07815125448027,20344.1,279
Los Angeles,2022-04,17.123074074074072,262.50390000000004,590.0506,50.67538555555558,3408.0999999999995,270
Los Angeles,2022-05,18.465412186379933,419.54209999999995,378.95750000000004,52.881958781362016,719.5,279
Los Angeles,2022-06,22.804481481481496,1277.2983000000004,69.3465,51.51230148148147,1437.5,270
Los Angeles,2022-07,24.189677419354826,1655.3498000000002,22.288500000000006,52.72282544802868,503.3,279
Los Angeles,2022-08,26.041218637992817,2151.2350000000006,1.2582,49.564712903225804,1348.8,279
Los Angeles,2022-09,25.460925925925935,1939.9029999999996,7.6416,53.71524888888886,7864.4,270
Los Angeles,2022-10,20.141863799283158,689.4999999999999,181.67370000000005,56.864307168458765,7087.5999999999985,279
Los Angeles,2022-11,13.559074074074076,19.8834,1314.6924000000004,47.261475555555535,26592.8,270
Los Angeles,2022-12,11.443978494623666,12.298,1940.808,64.71922473118285,30794.199999999997,279
Los Angeles,2023-01,10.729892473118285,0.0,2124.879899999999,66.04516738351255,112635.89999999998,279
Los Angeles,2023-02,10.372619047619043,4.7318,2001.518899999999,52.76985515873015,62490.899999999994,252
Los Angeles,2023-03,11.254695340501796,0.0,1974.9606000000003,69.5252652329749,109706.40000000007,279
Los Angeles,2023-04,15.368629629629625,136.7985,934.2111000000003,59.16979037037037,1402.0999999999997,270
Los Angeles,2023-05,17.143225806451607,248.64709999999994,586.0911999999998,66.66462616487452,9807.699999999999,279
Los Angeles,2023-06,18.864333333333327,371.2957000000001,225.46479999999997,64.44262296296294,1561.8,270
Los Angeles,2023-07,25.40329749103943,1986.3027000000002,19.188499999999998,47.915218996415746,151.3,279
Los Angeles,2023-08,24.639784946236546,1764.2589999999998,0.3543,53.90589641577059,31815.1,279
Los Angeles,2023-09,21.727481481481483,962.3893999999999,34.2307,63.46798222222224,2106.4,270
Los Angeles,2023-10,19.92899641577061,656.9807,208.67429999999996,53.620170250896045,317.7,279
Los Angeles,2023-11,15.86385185185186,156.57549999999998,825.3111999999996,44.31739074074074,8983.099999999999,270
Los Angeles,2023-12,13.641756272401445,43.377900000000004,1345.7519000000004,57.97293082437282,37603.200000000004,279
Los Angeles,2024-01,12.170394265232979,11.2488,1732.7577000000017,62.788117204301074,38654.9,279
Los Angeles,2024-02,12.05563218390805,2.3267,1648.1858000000004,72.15163908045979,141825.30000000005,261
Los Angeles,2024-03,13.093727598566309,2.2715,1466.0236,67.16230286738353,55140.00000000001,279
Los Angeles,2024-04,15.162185185185178,76.61930000000001,928.9436999999997,61.86835444444445,13568.399999999998,270
Los Angeles,2024-05,17.604731182795707,244.30359999999993,440.8571999999999,62.87343440860215,2069.3,279
Los Angeles,2024-06,22.08114814814813,1121.1560000000002,117.86639999999997,58.21478851851855,274.20000000000005,270
Los Angeles,2024-07,25.568351254480287,2033.891899999999,12.7378,50.868774551971356,302.6,279
Los Angeles,2024-08,24.649426523297493,1777.4938000000004,9.105099999999998,49.82420860215054,46.1,279
Los Angeles,2024-09,23.105037037037036,1367.3018000000002,82.66720000000002,54.504474074074075,651.7,270
Los Angeles,2024-10,20.467168458781366,793.2112000000002,205.08279999999996,49.444937275985666,158.3,279
Los Angeles,2024-11,14.011259259259253,20.0074,1182.9240000000002,44.73770814814815,3289.8,270
Los Angeles,2024-12,13.290430107526879,32.2128,1440.4708999999996,51.59290645161291,2169.7999999999993,279
Miami,2020-01,21.291451612903227,209.58889999999994,24.2624,70.33366290322581,7382.2,62
Miami,2020-02,22.34655172413793,255.2145,23.254699999999996,72.37957413793103,15636.999999999998,58
Miami,2020-03,24.211612903225813,371.8917000000001,3.6558,66.90619193548387,1500.0,62
Miami,2020-04,26.38800000000001,480.23029999999983,0.0,70.93485,12848.499999999998,60
Miami,2020-05,25.971290322580646,472.8972,0.0,73.4385516129032,49885.3,62
Miami,2020-06,28.171666666666663,595.9260000000002,0.0,77.65877833333334,32136.600000000002,60
Miami,2020-07,28.631290322580625,637.5035000000003,0.0,76.54251935483872,62771.80000000001,62
Miami,2020-08,29.13274193548387,674.6220999999998,0.0,76.54446774193543,39371.100000000006,62
Miami,2020-09,28.52150000000001,605.4649000000001,0.0,78.87422000000001,38459.600000000006,60
Miami,2020-10,27.209677419354843,554.6600000000001,0.0,81.16732258064518,63947.299999999996,62
Miami,2020-11,25.705833333333324,434.2566,0.0,75.80718333333336,41194.1,60
Miami,2020-12,19.93532258064516,148.95880000000002,55.217,71.57384354838712,10596.500000000002,62
Miami,2021-01,19.47193548387097,111.77709999999999,40.318400000000004,60.981816129032275,1343.5,62
Miami,2021-02,23.078928571428577,296.0373000000001,28.7494,71.20398214285714,15990.6,56
Miami,2021-03,23.203387096774193,302.71789999999993,0.0,59.27895967741935,5212.6,62
Miami,2021-04,24.520499999999995,370.5473999999999,0.0,66.520185,14925.4,60
Miami,2021-05,27.02532258064516,541.1892000000001,0.0,66.77247419354838,4797.3,62
Miami,2021-06,27.963333333333342,579.5993,0.0,76.86494500000003,47998.00000000001,60
Miami,2021-07,28.4691935483871,627.3512999999998,0.0,76.77658387096776,28858.199999999997,62
Miami,2021-08,28.8633870967742,654.2584999999999,0.0,74.58724516129033,40281.1,62
Miami,2021-09,27.782499999999995,572.7021999999998,0.0,77.32558333333331,34796.0,60
Miami,2021-10,26.658709677419356,517.2272,0.0,74.28929193548387,25979.3,62
Miami,2021-11,22.2375,234.718,0.8217,73.25988833333334,18600.3,60
Miami,2021-12,22.380967741935482,252.51799999999994,3.5726,79.21587419354839,7864.499999999999,62
Miami,2022-01,19.702419354838707,150.791,67.05550000000001,74.78453387096773,20701.199999999997,62
Miami,2022-02,22.164285714285718,222.77940000000004,7.744900000000001,72.74214464285714,11051.8,56
Miami,2022-03,23.918225806451602,349.56069999999994,2.625,69.49969677419355,12525.1,62
Miami,2022-04,24.91433333333334,395.1895999999999,0.0,69.55866500000002,16382.800000000003,60
Miami,2022-05,26.63032258064516,509.3173000000001,0.0,73.2439387096774,22297.899999999998,62
Miami,2022-06,27.595666666666673,551.4151,0.0,77.13272166666667,68106.90000000001,60
Miami,2022-07,29.081612903225807,668.0497,0.0,73.46809838709677,17376.1,62
Miami,2022-08,29.163064516129026,675.9114,0.0,73.99815967741934,21384.699999999997,62
Miami,2022-09,28.154833333333322,589.2078999999998,0.0,79.15612333333333,54558.799999999996,60
Miami,2022-10,25.38661290322581,432.4596,0.0,74.72948870967741,9838.800000000001,62
Miami,2022-11,25.41133333333333,422.3168,0.0,79.16156333333333,21520.0,60
Miami,2022-12,21.429838709677412,238.06830000000005,49.979200000000006,75.68803548387095,17093.8,62
Miami,2023-01,21.051612903225806,209.61489999999992,41.9624,71.95964838709678,839.2,62
Miami,2023-02,23.23089285714286,277.25780000000003,2.4222,72.81173928571428,6014.599999999999,56
Miami,2023-03,23.943709677419353,344.52579999999983,0.0,68.79640322580643,4801.700000000001,62
Miami,2023-04,25.40766666666667,430.51630000000006,0.0,73.21834000000003,42990.5,60
Miami,2023-05,25.988870967741935,476.7998000000002,0.0,73.13068548387098,36746.9,62
Miami,2023-06,27.89066666666666,578.5157999999999,0.0,78.23634999999999,54244.700000000004,60
Miami,2023-07,29.21854838709678,668.7759999999998,0.0,73.76803870967744,47920.799999999996,62
Miami,2023-08,29.425322580645165,686.2089999999998,0.0,73.20073548387096,38651.8,62
Miami,2023-09,28.38366666666667,597.5778000000001,0.0,74.57586833333332,47636.9,60
Miami,2023-10,26.498225806451615,509.92600000000004,0.0,71.21180161290323,24947.9,62
Miami,2023-11,24.326333333333334,358.56309999999985,0.0,75.44212666666664,54604.2,60
Miami,2023-12,21.154999999999994,196.2328,22.866999999999997,73.1570048387097,14669.499999999998,62
Miami,2024-01,20.83806451612903,183.92169999999996,28.2076,76.80069999999999,10852.5,62
Miami,2024-02,19.812586206896558,107.2796,22.277400000000007,70.88571034482756,16204.6,58
Miami,2024-03,23.853387096774192,341.83889999999997,0.0,71.58625161290321,40639.8,62
Miami,2024-04,24.037999999999993,340.9747,0.0,63.482710000000004,7987.200000000001,60
Miami,2024-05,28.654193548387084,636.5035000000001,0.0,68.95093225806451,14394.800000000001,62
Miami,2024-06,28.237666666666666,604.2484,0.0,77.46152000000001,49371.299999999996,60
Miami,2024-07,29.579193548387096,693.5288000000003,0.0,76.11000967741934,14293.9,62
Miami,2024-08,29.350483870967746,681.5948,0.0,77.33093225806454,46017.40000000001,62
Miami,2024-09,29.170166666666677,644.3692000000001,0.0,79.70269333333333,50595.20000000001,60
Miami,2024-10,26.64903225806452,517.814,0.0,76.04809516129033,42642.800000000025,62
Miami,2024-11,24.379166666666663,365.0471,6.896699999999999,71.46656500000002,942.0999999999998,60
Miami,2024-12,21.353548387096772,195.29940000000002,10.5268,75.21523387096781,8281.800000000001,62
New York/New Jersey,2020-01,2.6758064516129028,0.0,965.1295000000003,66.70975806451615,11786.6,62
New York/New Jersey,2020-02,3.0603448275862077,0.0,886.1459000000001,66.39414310344829,20875.0,58
New York/New Jersey,2020-03,7.044354838709676,0.0,698.4746000000001,61.46744516129033,21317.700000000004,62
New York/New Jersey,2020-04,8.315000000000001,0.0,607.8287999999999,64.09745833333334,29902.899999999994,60
New York/New Jersey,2020-05,14.514516129032259,20.6492,256.5325000000001,63.88570322580646,11191.299999999997,62
New York/New Jersey,2020-06,21.444166666666657,207.5405,20.1052,68.04070833333334,11980.400000000001,60
New York/New Jersey,2020-07,25.395161290322584,437.40309999999994,0.0,76.38265967741935,21911.6,62
New York/New Jersey,2020-08,23.986290322580636,350.9006,0.3168,76.01681129032256,12661.5,62
New York/New Jersey,2020-09,19.287499999999998,124.44160000000002,65.6233,73.58081333333332,17940.1,60
New York/New Jersey,2020-10,13.55564516129032,8.1561,299.1173,80.50505967741937,25449.500000000004,62
New York/New Jersey,2020-11,9.735000000000001,0.0,517.8762,71.50504000000002,28736.1,60
New York/New Jersey,2020-12,2.617096774193548,0.0,973.4893000000002,72.65168548387098,27609.7,62
New York/New Jersey,2021-01,0.185483870967742,0.0,1117.0398999999998,64.64137903225806,10559.5,62
New York/New Jersey,2021-02,0.25089285714285725,0.0,1012.7221999999999,68.73729285714288,17644.699999999997,56
New York/New Jersey,2021-03,5.7104838709677415,0.0,780.5937999999999,54.86349516129035,13935.600000000002,62
New York/New Jersey,2021-04,10.675000000000002,0.0,461.33240000000006,60.78336333333334,13520.8,60
New York/New Jersey,2021-05,15.601612903225806,45.04829999999999,220.65339999999998,60.61698225806452,19511.300000000003,62
New York/New Jersey,2021-06,21.654166666666665,213.04759999999996,14.447000000000001,74.75187000000004,6288.400000000001,60
New York/New Jersey,2021-07,23.45241935483871,318.29729999999995,4.5234000000000005,81.10628064516126,23828.599999999995,62
New York/New Jersey,2021-08,24.16532258064516,362.7358,0.0,79.43700645161292,23467.4,62
New York/New Jersey,2021-09,20.59266666666667,148.9473,13.347700000000001,77.094365,30576.4,60
New York/New Jersey,2021-10,16.024516129032257,16.248500000000003,160.60919999999996,80.20522258064518,24544.200000000004,62
New York/New Jersey,2021-11,7.231333333333333,0.0,667.1489999999999,65.06062333333334,8189.199999999999,60
New York/New Jersey,2021-12,4.971612903225805,0.0,825.4879000000001,69.30703870967741,9299.9,62
New York/New Jersey,2022-01,-1.5475806451612903,0.0,1235.7448000000004,63.95529193548388,20854.200000000004,62
New York/New Jersey,2022-02,1.6133928571428573,0.0,939.8479000000001,67.36565535714286,19648.500000000004,56
New York/New Jersey,2022-03,5.726612903225809,0.0,774.0207000000003,64.31908870967743,14866.300000000001,62
New York/New Jersey,2022-04,10.141499999999999,0.0,487.7302999999998,57.94095166666668,18481.799999999996,60
New York/New Jersey,2022-05,16.753548387096778,65.26680000000002,161.5781,70.86476935483871,25140.5,62
New York/New Jersey,2022-06,20.626333333333335,149.21120000000005,10.3807,70.39445499999998,13801.300000000001,60
New York/New Jersey,2022-07,24.866612903225807,411.39950000000005,0.0,69.89160967741938,6709.799999999999,62
New York/New Jersey,2022-08,25.21467741935484,423.69370000000004,0.0,71.9127177419355,5274.2,62
New York/New Jersey,2022-09,19.743000000000006,133.01149999999998,47.9521,71.86837166666668,23347.699999999997,60
New York/New Jersey,2022-10,13.433225806451613,7.799100000000001,312.63030000000003,75.91399354838708,29399.2,62
New York/New Jersey,2022-11,9.484,14.933700000000002,549.8730999999999,67.84145,16391.6,60
New York/New Jersey,2022-12,2.6758064516129028,0.0,962.5624,69.19333709677417,27353.0,62
New York/New Jersey,2023-01,4.961290322580644,0.0,835.2708,75.04535806451615,34101.9,62
New York/New Jersey,2023-02,2.824821428571428,0.0,859.1141999999999,64.72966428571429,13419.599999999999,56
New York/New Jersey,2023-03,5.343387096774192,0.0,802.0177000000003,62.298137096774205,26744.4,62
New York/New Jersey,2023-04,11.949000000000003,21.3277,403.4530000000001,65.87879666666667,21452.399999999998,60
New York/New Jersey,2023-05,15.051935483870967,13.2371,216.42520000000002,56.93116774193551,10472.400000000001,62
New York/New Jersey,2023-06,19.54116666666666,114.17070000000001,41.6464,75.23702166666668,9256.100000000002,60
New York/New Jersey,2023-07,24.930483870967745,410.5877,0.0,79.33279193548383,35299.79999999999,62
New York/New Jersey,2023-08,22.56951612903226,262.0438,0.0,75.2449887096774,22092.3,62
New York/New Jersey,2023-09,20.11033333333334,170.33780000000002,61.106500000000004,79.73740666666663,33886.09999999999,60
New York/New Jersey,2023-10,14.962580645161287,27.726799999999997,238.48640000000003,77.6336048387097,11302.0,62
New York/New Jersey,2023-11,6.3580000000000005,0.0,721.3982000000001,65.31167999999998,10672.900000000001,60
New York/New Jersey,2023-12,5.535967741935482,0.0,800.4252,76.51537258064518,50249.4,62
New York/New Jersey,2024-01,1.7069354838709676,0.0,1032.2133000000003,71.97027258064516,41437.100000000006,62
New York/New Jersey,2024-02,2.1889655172413796,0.0,935.2894,65.58554137931034,13008.999999999998,58
New York/New Jersey,2024-03,7.334677419354839,0.0,682.6836000000002,64.1434306451613,50417.299999999996,62
New York/New Jersey,2024-04,10.34516666666667,2.3264,481.5456,65.31277999999999,16927.3,60
New York/New Jersey,2024-05,16.465645161290322,42.09100000000001,157.145,77.46695322580642,27719.899999999998,62
New York/New Jersey,2024-06,22.247166666666658,237.69549999999995,1.9203000000000001,70.08672833333334,12976.300000000001,60
New York/New Jersey,2024-07,24.889516129032263,405.0776,0.0,78.37777903225803,15602.7,62
New York/New Jersey,2024-08,22.91741935483871,282.4008999999999,2.1653000000000002,77.83939516129033,31873.0,62
New York/New Jersey,2024-09,19.17133333333334,76.50610000000002,31.9032,75.51587333333335,1420.6999999999998,60
New York/New Jersey,2024-10,14.435967741935485,9.5502,251.96280000000007,64.97530161290324,793.2,62
New York/New Jersey,2024-11,9.55966666666667,5.9955,530.0214999999998,59.38017166666666,10475.699999999999,60
New York/New Jersey,2024-12,2.271451612903226,0.0,997.0181000000003,68.71388548387097,32448.7,62
Philadelphia,2020-01,3.0666666666666655,0.0,2843.494899999999,68.25004032258066,40981.299999999996,186
Philadelphia,2020-02,4.128793103448274,0.0,2467.3280000000013,65.86484655172414,42626.3,174
Philadelphia,2020-03,8.493817204301074,0.0198,1821.4710000000007,65.1853016129032,54284.200000000004,186
Philadelphia,2020-04,9.995944444444445,0.0,1489.5351000000003,61.77324388888886,68921.3,180
Philadelphia,2020-05,15.787741935483876,173.6988,647.9414000000003,64.0647225806452,46298.4,186
Philadelphia,2020-06,22.477555555555544,794.1572999999999,40.8262,66.31544,50088.3,180
Philadelphia,2020-07,26.84301075268817,1571.5888999999993,0.0,71.02309569892472,88128.39999999998,186
Philadelphia,2020-08,24.91317204301074,1226.066,0.0,76.3934311827957,111777.40000000001,186
Philadelphia,2020-09,19.824166666666656,463.3895999999999,195.4269,74.47262611111111,51069.1,180
Philadelphia,2020-10,14.560806451612908,35.6308,739.9538999999999,78.371197311828,66358.29999999999,186
Philadelphia,2020-11,10.237388888888889,2.7518000000000002,1460.5390999999993,69.47060111111112,55416.6,180
Philadelphia,2020-12,3.3640322580645163,0.0,2781.8187999999986,69.39615483870973,77752.09999999998,186
Philadelphia,2021-01,1.7159139784946236,0.0,3073.9145000000017,65.34716505376342,39060.1,186
Philadelphia,2021-02,0.6420833333333337,0.0,2980.993000000001,70.10067678571436,73020.0,168
Philadelphia,2021-03,7.709301075268816,6.2181,1984.8481999999992,56.096141935483864,81880.5,186
Philadelphia,2021-04,12.567722222222217,43.5603,1074.2551000000005,58.42029166666671,67051.9,180
Philadelphia,2021-05,17.007204301075273,245.68720000000005,496.8144999999999,60.41117849462366,81504.09999999999,186
Philadelphia,2021-06,22.844055555555556,833.6549000000003,24.180099999999996,71.59031500000003,108001.2,180
Philadelphia,2021-07,24.845161290322594,1211.9986000000001,0.0,73.0283817204301,132408.2,186
Philadelphia,2021-08,25.131182795698923,1265.0761999999993,0.6365,76.46432795698925,112830.7,186
Philadelphia,2021-09,20.93905555555557,527.2696000000001,60.118600000000015,73.2206083333334,97960.10000000002,180
Philadelphia,2021-10,16.79467741935484,137.75300000000001,414.45140000000004,78.02958172043016,45756.200000000026,186
Philadelphia,2021-11,7.053833333333335,0.0,2030.2686999999987,65.57011555555556,19808.2,180
Philadelphia,2021-12,6.202956989247309,0.0,2256.5077000000006,67.15278010752688,15927.300000000001,186
Philadelphia,2022-01,-0.8586021505376347,0.0,3571.1409,63.07376075268818,41220.100000000006,186
Philadelphia,2022-02,2.8394642857142847,0.0,2606.0817000000015,63.16720714285713,52065.79999999999,168
Philadelphia,2022-03,7.944354838709683,1.0545,1929.2839999999999,60.28689838709674,44934.900000000016,186
Philadelphia,2022-04,11.471499999999999,11.5497,1232.9384000000002,58.039749999999955,92681.70000000003,180
Philadelphia,2022-05,18.19354838709676,283.7063,307.03670000000005,69.04537204301077,90308.99999999999,186
Philadelphia,2022-06,22.075222222222234,681.2777999999996,12.864200000000002,64.1946494444445,95360.2,180
Philadelphia,2022-07,25.903064516129017,1407.0672000000004,0.0,67.96240645161288,99082.09999999999,186
Philadelphia,2022-08,25.416774193548402,1316.0729999999996,0.0,67.39597741935485,74456.20000000003,186
Philadelphia,2022-09,20.55005555555554,527.4542,126.30790000000005,69.44225222222221,89207.40000000001,180
Philadelphia,2022-10,12.714623655913984,1.7653,1042.5775,73.38192043010753,86745.79999999999,186
Philadelphia,2022-11,9.423999999999998,26.4858,1633.7328,66.60011944444445,56365.5,180
Philadelphia,2022-12,2.693709677419354,0.0,2921.5804999999987,68.5670564516129,73753.80000000002,186
Philadelphia,2023-01,5.777795698924729,0.0,2335.3331999999987,71.88276612903232,56203.50000000001,186
Philadelphia,2023-02,5.422083333333336,0.0,2166.9792,59.74936428571426,24254.099999999995,168
Philadelphia,2023-03,6.737096774193544,0.0,2156.3439000000003,58.345751075268815,26882.000000000004,186
Philadelphia,2023-04,14.358888888888883,85.769,801.3627000000004,59.0830916666667,51651.899999999994,180
Philadelphia,2023-05,15.86559139784945,56.97880000000001,510.0293000000002,57.48421666666668,19803.9,186
Philadelphia,2023-06,20.573666666666664,462.8657999999999,55.33659999999998,65.79882444444448,55495.39999999997,180
Philadelphia,2023-07,25.4095698924731,1308.6228000000008,0.0,73.17326129032259,110826.89999999997,186
Philadelphia,2023-08,23.567956989247314,973.4388000000001,0.0,71.2095134408602,47958.000000000015,186
Philadelphia,2023-09,20.49683333333333,528.8914000000002,140.03119999999998,74.83473222222219,86248.0,180
Philadelphia,2023-10,15.03204301075269,88.25259999999997,700.8217,72.27723602150535,23344.6,186
Philadelphia,2023-11,7.14727777777778,0.0,2013.4348999999993,64.71684499999998,43346.7,180
Philadelphia,2023-12,5.621827956989245,0.0,2371.0933999999993,73.26219516129031,119264.2,186
Philadelphia,2024-01,2.2426881720430103,0.0,2992.548499999999,71.64361021505383,88077.69999999998,186
Philadelphia,2024-02,3.8531034482758635,0.0,2523.9348999999997,64.05598735632182,34019.8,174
Philadelphia,2024-03,8.686612903225807,1.2051,1797.503999999999,61.24549032258065,97031.59999999999,186
Philadelphia,2024-04,13.10216666666667,66.9763,1012.8051,63.49348166666668,59531.799999999996,180
Philadelphia,2024-05,18.64758064516129,329.95379999999994,272.9873,73.23943440860211,43754.00000000001,186
Philadelphia,2024-06,24.13777777777779,1044.6146999999999,3.0999999999999996,61.60265,45730.700000000004,180
Philadelphia,2024-07,26.224677419354855,1466.0379000000005,0.0,69.17628602150538,47895.299999999996,186
Philadelphia,2024-08,23.69118279569892,1004.2622999999995,5.6948,71.9264279569892,68510.49999999997,186
Philadelphia,2024-09,20.292166666666667,395.9292999999999,50.0184,72.48572777777775,24710.8,180
Philadelphia,2024-10,14.96231182795699,44.18350000000001,671.6893999999999,59.58216774193549,1981.8000000000002,186
Philadelphia,2024-11,10.017555555555552,29.869600000000005,1520.0364999999997,61.67353333333332,35792.69999999999,180
Philadelphia,2024-12,2.647741935483871,0.0,2918.1924000000013,66.910711827957,45545.50000000001,186
San Francisco Bay Area,2020-01,9.976451612903224,0.0,1287.3365,79.38235096774194,19206.300000000003,155
San Francisco Bay Area,2020-02,12.221586206896552,0.0,884.7342999999998,57.11515172413792,38.4,145
San Francisco Bay Area,2020-03,12.377741935483872,0.0,928.5112999999998,67.76481290322575,32576.100000000002,155
San Francisco Bay Area,2020-04,15.256600000000004,56.93020000000001,519.7104,65.59247333333334,18660.300000000003,150
San Francisco Bay Area,2020-05,18.612387096774196,207.5891,166.0491,59.337740645161276,7966.599999999999,155
San Francisco Bay Area,2020-06,20.158666666666672,395.88699999999994,128.02029999999996,60.12027466666667,402.19999999999993,150
San Francisco Bay Area,2020-07,20.21058064516128,426.7854,133.9456,66.6444090322581,600.2999999999998,155
San Francisco Bay Area,2020-08,22.524451612903217,712.5795999999997,64.95599999999999,62.59146645161291,1051.2,155
San Francisco Bay Area,2020-09,21.534333333333333,553.9404000000001,73.22280000000002,65.0975,329.79999999999995,150
San Francisco Bay Area,2020-10,19.219548387096776,345.1908000000001,202.82969999999997,55.470508387096736,187.8,155
San Francisco Bay Area,2020-11,12.213333333333336,6.117900000000001,926.1778999999998,63.348504000000005,13186.6,150
San Francisco Bay Area,2020-12,10.087935483870961,0.0198,1282.4057999999998,69.12286322580647,20972.7,155
San Francisco Bay Area,2021-01,10.49258064516129,0.52,1216.3469999999993,74.48990838709673,42650.40000000001,155
San Francisco Bay Area,2021-02,11.701214285714288,0.0,920.1438999999998,63.0836714285714,20474.400000000005,140
San Francisco Bay Area,2021-03,11.847677419354842,2.9145000000000003,1011.4214000000007,59.83514322580644,13644.599999999999,155
San Francisco Bay Area,2021-04,14.537066666666666,17.9459,585.7480000000002,60.28094266666667,4250.9000000000015,150
San Francisco Bay Area,2021-05,17.804258064516137,186.14749999999992,262.71849999999984,56.44033870967741,2351.6,155
San Francisco Bay Area,2021-06,20.460333333333335,410.17889999999977,92.15300000000002,60.08478799999998,5989.199999999999,150
San Francisco Bay Area,2021-07,21.08483870967741,486.5554000000001,52.386700000000005,65.66650451612908,3996.3999999999996,155
San Francisco Bay Area,2021-08,21.281548387096766,488.04319999999996,26.525600000000004,66.00821032258068,2556.0,155
San Francisco Bay Area,2021-09,20.419400000000003,372.67260000000005,54.884299999999996,61.585300000000025,1427.0,150
San Francisco Bay Area,2021-10,16.922258064516125,78.46960000000001,295.04820000000007,62.32258258064511,74508.4,155
San Francisco Bay Area,2021-11,14.136733333333328,0.1615,631.1909000000003,75.91388533333331,16654.399999999998,150
San Francisco Bay Area,2021-12,9.431935483870971,0.0,1387.2593000000004,84.61241741935487,73136.4,155
San Francisco Bay Area,2022-01,10.674129032258065,0.0,1186.1236000000006,76.38425677419356,1398.9,155
San Francisco Bay Area,2022-02,11.428071428571435,0.0,959.2587000000003,58.035394999999994,2229.6,140
San Francisco Bay Area,2022-03,13.493290322580645,8.968499999999999,763.0593999999996,64.62550387096778,14066.399999999996,155
San Francisco Bay Area,2022-04,14.659200000000007,19.1532,570.8497999999998,58.91650799999999,10218.199999999999,150
San Francisco Bay Area,2022-05,17.442387096774198,164.89450000000005,313.8856000000001,55.66861741935481,839.4999999999999,155
San Francisco Bay Area,2022-06,20.935399999999998,457.92910000000006,62.3104,55.38785533333334,4324.2,150
San Francisco Bay Area,2022-07,20.01980645161291,333.9223999999999,75.7303,66.29790903225806,146.3,155
San Francisco Bay Area,2022-08,21.665806451612895,538.0305999999999,22.9885,65.04572645161284,406.8,155
San Francisco Bay Area,2022-09,22.045466666666666,590.6773000000002,27.74919999999999,61.22352400000006,13183.099999999999,150
San Francisco Bay Area,2022-10,17.443483870967736,152.48280000000003,290.5699999999999,67.08636903225806,52.5,155
San Francisco Bay Area,2022-11,10.655466666666673,0.0,1154.4791000000005,63.892632,18983.000000000004,150
San Francisco Bay Area,2022-12,8.868516129032258,0.0,1484.5763999999995,82.92226903225804,122113.70000000003,155
San Francisco Bay Area,2023-01,10.069612903225812,0.0,1274.9755999999993,73.40149677419359,135412.6,155
San Francisco Bay Area,2023-02,8.964714285714287,0.0,1317.3395999999993,68.14634571428572,56465.50000000001,140
San Francisco Bay Area,2023-03,10.228838709677417,0.0,1259.5797,72.91390064516132,136175.30000000002,155
San Francisco Bay Area,2023-04,13.740333333333341,29.5835,717.2174999999995,65.56686599999998,4273.0,150
San Francisco Bay Area,2023-05,15.889032258064503,67.14540000000001,438.96860000000015,71.53351225806455,5258.599999999999,155
San Francisco Bay Area,2023-06,18.054733333333346,130.90090000000004,177.43899999999994,67.198994,879.3,150
San Francisco Bay Area,2023-07,20.97187096774193,475.72550000000007,76.21190000000001,64.49481612903227,1.1,155
San Francisco Bay Area,2023-08,22.20496774193549,625.9209,26.5696,65.57833935483875,508.99999999999994,155
San Francisco Bay Area,2023-09,19.41166666666665,232.06199999999987,62.64049999999999,68.16904866666668,506.0,150
San Francisco Bay Area,2023-10,18.121999999999996,216.20949999999996,245.57469999999995,58.69360129032262,2995.5000000000005,155
San Francisco Bay Area,2023-11,13.414599999999998,2.0665999999999998,733.2868999999997,62.19919999999998,20297.6,150
San Francisco Bay Area,2023-12,11.349225806451617,0.0,1083.8492999999996,78.75292774193555,59640.79999999999,155
San Francisco Bay Area,2024-01,10.886838709677411,0.0,1148.0838,81.22039677419359,59452.89999999998,155
San Francisco Bay Area,2024-02,11.274551724137936,0.0,1022.1132000000002,78.96104482758624,81110.79999999999,145
San Francisco Bay Area,2024-03,12.421032258064509,0.1615,914.3480999999998,72.65848580645154,71465.89999999997,155
San Francisco Bay Area,2024-04,14.26859999999999,5.7385,620.8656000000002,69.16596,25135.6,150
San Francisco Bay Area,2024-05,17.137161290322574,120.60969999999999,306.6248,62.422138709677434,9916.699999999999,155
San Francisco Bay Area,2024-06,20.461800000000004,407.24820000000017,85.4373,59.31952866666663,90.60000000000001,150
San Francisco Bay Area,2024-07,22.72696774193548,710.9903999999997,35.8095,61.50138645161292,47.5,155
San Francisco Bay Area,2024-08,21.27754838709676,489.20650000000006,28.4302,62.436355483870976,411.8,155
San Francisco Bay Area,2024-09,20.58439999999999,393.72999999999985,46.715399999999995,64.25064533333337,338.6,150
San Francisco Bay Area,2024-10,19.23632258064516,348.1520999999999,202.93210000000002,55.37010709677419,2409.6999999999994,155
San Francisco Bay Area,2024-11,11.925066666666668,0.0,949.5059000000001,65.46086466666668,57226.40000000001,150
San Francisco Bay Area,2024-12,11.217612903225813,0.0,1103.1419000000003,79.08209870967742,55560.70000000001,155
Seattle,2020-01,5.169354838709677,0.0,1221.7104000000002,91.48676989247313,70196.5,93
Seattle,2020-02,4.583218390804599,0.0,1191.3768000000002,86.70264942528732,21891.899999999998,87
Seattle,2020-03,5.1715053763440855,0.0,1227.8538000000008,79.32966774193544,18524.0,93
Seattle,2020-04,9.064888888888888,0.0,830.7430999999998,71.06207666666667,8470.599999999999,90
Seattle,2020-05,13.018709677419356,10.0559,507.5271999999998,73.61963978494626,16288.5,93
Seattle,2020-06,14.67055555555556,13.41,348.19249999999994,77.19981111111112,14467.900000000001,90
Seattle,2020-07,16.707311827956985,62.256699999999995,206.44959999999995,72.59109569892473,1866.7,93
Seattle,2020-08,17.581290322580642,73.32300000000002,141.9682,71.35996021505379,4047.9,93
Seattle,2020-09,16.925666666666665,37.74369999999999,167.31799999999996,76.16187,11991.1,90
Seattle,2020-10,11.11483870967742,0.2646,669.4992000000001,83.84198817204299,16170.599999999999,93
Seattle,2020-11,6.18211111111111,0.0,1093.7663999999997,88.34764222222222,28327.000000000004,90
Seattle,2020-12,5.194301075268817,0.0,1226.542300000001,90.63427634408602,47905.00000000001,93
Seattle,2021-01,5.442688172043013,0.0,1199.4784,90.6152053763441,53041.59999999999,93
Seattle,2021-02,4.298095238095238,0.0,1189.6275,86.6799214285714,26443.1,84
Seattle,2021-03,6.1010752688172065,0.0,1132.6160000000004,80.35477096774194,18961.5,93
Seattle,2021-04,9.745222222222221,0.0,772.5610999999999,66.77486333333333,6522.3,90
Seattle,2021-05,12.028602150537628,0.0,584.3161999999998,75.51758064516127,5887.4,93
Seattle,2021-06,17.422000000000004,153.62890000000004,235.11509999999998,70.70052555555557,10737.9,90
Seattle,2021-07,18.212795698924733,81.9841,98.14660000000002,72.59384193548385,56.1,93
Seattle,2021-08,18.28161290322581,121.37710000000001,124.69310000000002,71.66342365591399,1012.1999999999999,93
Seattle,2021-09,15.516777777777776,15.5346,270.48710000000005,76.66961222222224,25831.999999999993,90
Seattle,2021-10,10.31247311827957,0.0,742.0622000000001,85.7015688172043,47322.59999999999,93
Seattle,2021-11,7.640888888888887,0.0,959.1132999999999,91.18117,91142.6,90
Seattle,2021-12,3.1731182795698913,0.0,1404.3978999999997,88.7616569892473,71711.70000000001,93
Seattle,2022-01,4.639784946236561,0.0,1267.3880999999997,90.36871612903228,50686.200000000004,93
Seattle,2022-02,5.042619047619047,0.0,1119.2386000000004,84.47788452380955,35165.299999999996,84
Seattle,2022-03,7.789677419354837,0.0,977.1461999999999,83.56160430107526,38849.100000000006,93
Seattle,2022-04,7.548444444444446,0.0,977.0486999999998,77.37388111111115,51789.100000000006,90
Seattle,2022-05,10.630967741935484,0.0,716.7163000000002,78.96080537634413,34962.700000000004,93
Seattle,2022-06,15.352888888888886,36.303799999999995,306.7060999999998,75.58840444444444,18755.200000000004,90
Seattle,2022-07,18.73720430107527,139.966,102.77760000000002,72.56833440860218,1951.2999999999997,93
Seattle,2022-08,20.10043010752688,204.96079999999998,35.98190000000001,69.5443333333333,619.9,93
Seattle,2022-09,16.78666666666667,33.4572,163.58719999999997,68.17733444444448,3445.7999999999997,90
Seattle,2022-10,12.415376344086022,13.038800000000002,568.0006999999998,77.78332473118282,25833.699999999993,93
Seattle,2022-11,4.557222222222222,0.0,1232.4012,84.74342555555553,49204.69999999999,90
Seattle,2022-12,3.592688172043012,0.0,1367.1997999999999,89.02121720430105,79136.49999999999,93
Seattle,2023-01,5.5832258064516145,0.0,1176.4896,88.28092903225807,44786.700000000004,93
Seattle,2023-02,4.44797619047619,0.0,1168.5324000000003,83.51318809523809,21386.499999999996,84
Seattle,2023-03,5.93784946236559,0.0,1161.0324,78.5360806451613,31902.3,93
Seattle,2023-04,8.42444444444444,0.0,885.769,81.37758777777779,47028.399999999994,90
Seattle,2023-05,15.13010752688172,47.1331,341.9186999999999,71.89152580645164,21495.000000000004,93
Seattle,2023-06,15.426111111111117,15.394200000000001,276.8504,71.36487444444447,6546.400000000001,90
Seattle,2023-07,18.321075268817204,73.5606,77.14510000000003,66.2892043010753,2053.7,93
Seattle,2023-08,19.72129032258065,179.78699999999998,51.764199999999995,67.44046129032255,5962.499999999999,93
Seattle,2023-09,15.49355555555555,24.6174,279.5650999999999,74.77380888888888,29686.7,90
Seattle,2023-10,11.560645161290324,4.1267,634.271,85.09386021505378,27280.999999999993,93
Seattle,2023-11,6.708888888888889,0.0,1045.9953,89.02121444444445,45655.99999999999,90
Seattle,2023-12,6.73806451612903,0.0,1072.8195999999998,93.08362688172043,79707.20000000001,93
Seattle,2024-01,4.841397849462364,0.0,1257.653,88.95378602150534,73788.10000000002,93
Seattle,2024-02,6.308505747126438,0.0,1044.3690000000001,88.8093988505747,46085.89999999999,87
Seattle,2024-03,7.629569892473121,0.0,998.1173999999999,82.1037086021505,34921.600000000006,93
Seattle,2024-04,9.263666666666667,0.0,813.7836000000003,73.73137555555557,14045.099999999999,90
Seattle,2024-05,12.16795698924731,5.197299999999999,577.5371000000001,74.69302150537635,16751.0,93
Seattle,2024-06,15.09044444444444,11.7485,299.51059999999995,72.44316777777779,26322.9,90
Seattle,2024-07,19.34989247311828,152.2305,57.88000000000002,68.33364086021504,898.4,93
Seattle,2024-08,18.200967741935486,87.4369,96.83410000000002,78.20344086021504,9879.300000000001,93
Seattle,2024-09,16.474000000000004,71.64800000000001,235.74089999999995,82.02320888888892,14241.3,90
Seattle,2024-10,11.476881720430107,0.0,635.7353,85.77371612903225,39052.00000000001,93
Seattle,2024-11,7.7042222222222225,0.0,955.9585000000003,90.16904777777778,62746.2,90
Seattle,2024-12,6.1,0.0,1143.4533000000006,92.77113440860218,64788.700000000004,93
